INSERT INTO member (member_id, weight, email, first_name, last_name, password, phone) VALUES
(1, 88, 'findaa21@htl-kaindorf.at', 'David', 'Fink', '$2a$10$jb0PRHfwdI2NMbNc30oREeh0hMsl2Kc.sEbgLAUGUHL4Gc45QaYPG', '86763075989'),
(2, 80, 'bajala20@htl-kaindorf.at', 'Albin', 'Bajrami', '$2a$10$0OCwiKKsFKo8uBoxGUxke.iTpsOcti8RVe7551cm.vZoSlOZMTQFC', '12346');

INSERT INTO exercise (exercise_id, exercise_name, exercise_level, body_part, imageurl, kcal, description) VALUES
                                                                                                              (1, 'Push-Ups', 'EASY', 'Chest', 'https://example.com/pushups.png', 100, 'A basic upper body strength exercise.'),
                                                                                                              (2, 'Squats', 'MEDIUM', 'Legs', 'https://example.com/squats.png', 120, 'Strengthens legs and glutes.'),
                                                                                                              (3, 'Pull-Ups', 'HARD', 'Back', 'https://example.com/pullups.png', 150, 'Upper body strength exercise targeting the back.'),
                                                                                                              (4, 'Lunges', 'MEDIUM', 'Legs', 'https://example.com/lunges.png', 110, 'Targets thighs and glutes.'),
                                                                                                              (5, 'Plank', 'EASY', 'Core', 'https://example.com/plank.png', 80, 'Core stability exercise.'),
                                                                                                              (6, 'Sit-Ups', 'EASY', 'Abs', 'https://example.com/situps.png', 90, 'Targets abdominal muscles.'),
                                                                                                              (7, 'Burpees', 'HARD', 'Full Body', 'https://example.com/burpees.png', 180, 'Full-body cardio and strength.'),
                                                                                                              (8, 'Deadlift', 'HARD', 'Back', 'https://example.com/deadlift.png', 160, 'Full-body strength, focusing on back.'),
                                                                                                              (9, 'Bicep Curls', 'MEDIUM', 'Arms', 'https://example.com/bicepcurls.png', 100, 'Isolates biceps.'),
                                                                                                              (10, 'Triceps Dips', 'MEDIUM', 'Arms', 'https://example.com/triceps.png', 110, 'Targets the triceps.'),
                                                                                                              (11, 'Mountain Climbers', 'MEDIUM', 'Core', 'https://example.com/mountainclimbers.png', 130, 'Cardio and core strength.'),
                                                                                                              (12, 'Jumping Jacks', 'EASY', 'Full Body', 'https://example.com/jumpingjacks.png', 90, 'Cardio warm-up.'),
                                                                                                              (13, 'Shoulder Press', 'MEDIUM', 'Shoulders', 'https://example.com/shoulderpress.png', 120, 'Strengthens shoulders.'),
                                                                                                              (14, 'High Knees', 'EASY', 'Legs', 'https://example.com/highknees.png', 100, 'Cardio and leg activation.'),
                                                                                                              (15, 'Leg Raises', 'EASY', 'Abs', 'https://example.com/legraises.png', 95, 'Targets lower abs.');

INSERT INTO workout (workout_id, time, workout_name, description) VALUES
                                                                      (101, 30, 'Beginner Blast', 'An easy full-body workout for beginners.'),
                                                                      (102, 45, 'Leg Day Extreme', 'Intense leg-focused training session.'),
                                                                      (103, 35, 'Core Crusher', 'Target your core with this tough routine.'),
                                                                      (104, 50, 'Upper Body Shred', 'Burn fat and build muscle in your upper body.'),
                                                                      (105, 40, 'Full Body Burn', 'High-intensity workout hitting every muscle group.');

INSERT INTO workout_exercise (workout_id, exercise_id) VALUES
                                                           (101, 1), (101, 2), (101, 5), (101, 6), (101, 9), (101, 12), (101, 13), (101, 14),
                                                           (102, 2), (102, 4), (102, 8), (102, 9), (102, 10), (102, 11), (102, 12), (102, 14), (102, 15),
                                                           (103, 5), (103, 6), (103, 11), (103, 12), (103, 13), (103, 14), (103, 15), (103, 3),
                                                           (104, 1), (104, 3), (104, 7), (104, 8), (104, 9), (104, 10), (104, 13), (104, 5), (104, 6), (104, 11),
                                                           (105, 1), (105, 2), (105, 4), (105, 5), (105, 7), (105, 9), (105, 11), (105, 12), (105, 13), (105, 15);

INSERT INTO goal (goal_id, goal_name, date, user_id, kcal) VALUES
                                                               (201, 'Summer Shred Plan', '2025-06-12', 1, 2500),
                                                               (202, 'Beach Body Prep', '2025-06-13', 2, 2200),
                                                               (203, 'Endurance Challenge', '2025-06-15', 1, 2700),
                                                               (204, 'Strength Builder', '2025-06-20', 2, 2600),
                                                               (205, 'Post-Holiday Burn', '2025-06-25', 2, 2300);

INSERT INTO goal_workout (goal_id, workout_id)
VALUES
    (201, 101),
    (201, 103),
    (201, 105),
    (202, 102),
    (202, 104),
    (202, 105),
    (203, 103),
    (203, 105),
    (204, 102),
    (204, 104),
    (205, 101),
    (205, 103),
    (205, 104);

INSERT INTO public.product (kcal_100g, barcode, ingredients, origin_country, product_name) VALUES (82, 5391511420780, 'Water, Potato (32%), Carrot (8%), Onion (8%), Cream (Milk) (6%), Smoked Haddock (Fish) (4.5%), Smoked Salmon (Fish) (4%) [Salmon (Fish), Salt, Brown Sugar], Salted Butter (Milk), Lemon Juice, Vegetable Stock [Salt, Yeast Extract, Rice Flour, Vegetables (Onion, Celery, Carrot), Sunflower Oil, Turmeric, Parsley], Fresh Parsley, Salt, Smoked Paprika, Cayenne Pepper', 'Ireland, en:united-kingdom', 'Smoked haddock & salmon chowder');
INSERT INTO public.product (kcal_100g, barcode, ingredients, origin_country, product_name) VALUES (408, 8410376053128, '', 'Belgium, en:morocco', 'Maria');
INSERT INTO public.product (kcal_100g, barcode, ingredients, origin_country, product_name) VALUES (416, 4088600048437, 'allergy advice: contains milk, dietary advice: suitable for vegetarians,', 'United Kingdom', 'British Mature Cheddar');
INSERT INTO public.product (kcal_100g, barcode, ingredients, origin_country, product_name) VALUES (601, 5060375300124, 'Coconut 28%, almonds 25%, sunflower seeds 20%, pumpkin seeds 8%, organic coconut blossom nectar 7%, chicory root fibre 4%, pecans 3%, cashews 2%, linseeds 2%, chia seed 1%.', 'en:gb', 'Pecan & Almond Grain-Free Granola');
INSERT INTO public.product (kcal_100g, barcode, ingredients, origin_country, product_name) VALUES (252, 74988, 'Sugar, Strawberries, Acidity Regulators: Citric Acid, Sodium Citrate; Gelling Agent: Pectin.', 'en:gb', 'Strawberry Conserve');
INSERT INTO public.product (kcal_100g, barcode, ingredients, origin_country, product_name) VALUES (588, 5000237127346, '_Peanuts_, Dry Roasted Flavour (Salt, Flavour Enhancer (Monosodium Glutamate), Dried Yeast Extract, Rice Flour, Paprika, Spice & Herbs, _Celery_ Seed Powder, Dried Onion, Dried Garlic, Colours (Paprika Extract, Turmeric Extract), Smoke Flavouring), Stabiliser (Acacia Gum).', 'France,United Kingdom', 'KP Dry Roasted Peanuts');
INSERT INTO public.product (kcal_100g, barcode, ingredients, origin_country, product_name) VALUES (623, 8711299020427, '96 % cacahuète, huile de tournesol, Peut contenir des fruits à coque,', 'France, en:belgium', 'Kingsize Peanuts Unsalted');
INSERT INTO public.product (kcal_100g, barcode, ingredients, origin_country, product_name) VALUES (376, 8480000198594, 'Panela.', 'Spain', 'Panela');
INSERT INTO public.product (kcal_100g, barcode, ingredients, origin_country, product_name) VALUES (510, 8000500273883, 'skimmed milk powder 28%, sugar, palm oil, wheat flour 15,5%, lean cocoa 4%, sunflower oil, emulsifiers: lecithins soy, salt, baking powder: sodium acid carbonate, vanillin', 'Frankreich,Deutschland', 'Kinder Cards Family-Pack 20days');
INSERT INTO public.product (kcal_100g, barcode, ingredients, origin_country, product_name) VALUES (0, 8906021927697, 'pure honey', 'Morocco', 'Pure Honey Ani3ma');
INSERT INTO public.product (kcal_100g, barcode, ingredients, origin_country, product_name) VALUES (120, 4088600284958, 'milk', 'en:United Kingdom', 'Greek style natural yoghurt');
INSERT INTO public.product (kcal_100g, barcode, ingredients, origin_country, product_name) VALUES (0, 815074022915, 'AVOCADO OIL', 'Canada, United States, World, en:united-kingdom', 'Avocado Oil Spray - 100% Pure, Refined');
INSERT INTO public.product (kcal_100g, barcode, ingredients, origin_country, product_name) VALUES (579, 4056489238805, '', 'en:gb', 'Pumpkin seeds');
INSERT INTO public.product (kcal_100g, barcode, ingredients, origin_country, product_name) VALUES (595, 8711299020724, '100 % noix de cajou.', 'Belgique,France', 'Noix de cajou');
INSERT INTO public.product (kcal_100g, barcode, ingredients, origin_country, product_name) VALUES (6, 4088600243627, 'salt, palm oil, corn starch, yeast extract, vegetables (4,5%) (onion powder, dried carrot, tomato powder, dried celery, dried leek, dried cabbage), natural flavourings (contains celery), sugar, dried parsley, onion extract, carrot extract, garlic powder, turmeric powder, antioxidant: extracts of rosemary,', 'Germany, United Kingdom, en:ireland', 'Vegetable Stock Cubes');
INSERT INTO public.product (kcal_100g, barcode, ingredients, origin_country, product_name) VALUES (597, 4088600201825, 'organic cocoa mass, organic cocoa butter, organic fat reduced cocoa powder, organic cane sugar, organic vanilla extract.', 'United Kingdom', 'Organic Peruvian 85% Cocoa Dark Chocolate');
INSERT INTO public.product (kcal_100g, barcode, ingredients, origin_country, product_name) VALUES (256, 5057172110827, 'Wholemeal _Wheat_ Flour, Water, Mixed Grains and Seeds (16%) [Malted _Wheat_ Flakes, Sunflower Seed, Kibbled Malted _Rye_, Kibbled Malted Oats, Golden Linseeds, Toasted Pearl Barley Flakes, Poppy Seeds, Kibbled Malted Wheat], Fortified _Wheat_ Flour [_Wheat_ Flour, Calcium Carbonate, Iron, Niacin (B3), Thiamin (B1)], _Wheat_ Protein, _Wheat_ Bran, Yeast, Malted _Barley_ Flour, Vegetable Oils and Fat [Rapeseed Oil, Palm Fat, Palm Oil], Fermented _Wheat_ Flour, Salt, Sugar, Spirit Vinegar, _Soya_ Flour, Flour Treatment Agent (Ascorbic Acid).', 'en:gb', 'Extra Special Wholemeal Multigrain Sliced Loaf');
INSERT INTO public.product (kcal_100g, barcode, ingredients, origin_country, product_name) VALUES (410, 4056489255499, '63% Hafervollkornflocken, Vollmilchschokoladenstücke (Zucker, Kakaomasse*, Vollmilchpulver, Kakaobutter*, Emulgator: Lecithine), Zartbitterschokoladenplättchen (Kakaomasse, Zucker, Kakaobutter*, Emulgator: Lecithine), Reis-Kakao-Extrudat (Reismehl, Zucker, Glukosesirup, fettarmes Kakaopulver*, Speisesalz), Knuspermüsli [Hafervollkornflocken, Zucker, Palmöl, Weizenvollkornflocken, Reis-Extrudat (Reismehl, Zucker, Weizenkleber, Malzmehl (Gerste, Weizen), Speisesalz), Kokosraspel, kakaohaltiges Getränkepulver (Zucker, fettarmes Kakaopulver*, Dextrose, Speisesalz, natürliches Aroma), Glukose-Fruktose-Sirup, natürliches Aroma], 2% Mandeldragee (Zucker, Mandeln, Invertzuckersirup, Karamellzuckersirup). Kann Spuren von anderen Schalenfrüchten, Erdnüssen, Soja, Sesam, Senf und Lupinen enthalten.', 'Germany,Italy,Romania,United States', 'Schoko Müsli');
INSERT INTO public.product (kcal_100g, barcode, ingredients, origin_country, product_name) VALUES (4, 8711327501119, 'Hibiscus (Hibiscus sabdariffa) 35%, pomme, arôme naturel, betterave, églantier, cranberry 2%, framboise 2%.', 'France, Germany', 'Infusion à froid Detox cranberry framboise hibiscus');
INSERT INTO public.product (kcal_100g, barcode, ingredients, origin_country, product_name) VALUES (68, 10023594, 'Tomatoes (80%), double concentrated tomato paste (8.3%), onion, sugar, modified maize starch, salt, sunflower oil, basil, garlic, acidity regulator (citric acid) parsley, spice, herb.', 'France, United Kingdom, en:belgium', '');
INSERT INTO public.product (kcal_100g, barcode, ingredients, origin_country, product_name) VALUES (53, 5000354910678, 'Tomatoes 49%, Tomato Purée, Carrot Purée, Garlic Purée, Basil 2.5%, Onion Purée, White Balsamic Vinegar (White Wine Vinegar, Concentrated Grape Must), Rapeseed Oil, Sea Salt, Extra Virgin Olive Oil, Concentrated Lemon Juice, Dried Basil, Ground Black Pepper', 'United Kingdom', 'Tomato & Basil');
INSERT INTO public.product (kcal_100g, barcode, ingredients, origin_country, product_name) VALUES (91, 4337256112925, 'Frischkäse, Speisesalz', 'Deutschland', 'Körniger Frischkäse');
INSERT INTO public.product (kcal_100g, barcode, ingredients, origin_country, product_name) VALUES (618, 8480000134516, '_Cacahuetes_ tostados.', 'Portugal,Espanha', 'Cacahuete tostado 0% sal añadida');
INSERT INTO public.product (kcal_100g, barcode, ingredients, origin_country, product_name) VALUES (576, 4088600268781, 'pumpkin seeds (35%), sunflower seeds (35%), golden linseeds (15%), hemp seeds (15%).', 'en:gb', 'Seed mix (Semi)');
INSERT INTO public.product (kcal_100g, barcode, ingredients, origin_country, product_name) VALUES (300, 20775995, 'Halloumi Cheese (Milk), Mint.', 'France', 'Halloumi');
INSERT INTO public.product (kcal_100g, barcode, ingredients, origin_country, product_name) VALUES (115, 3302740047336, 'Jambon de porc, bouillon (eau, os de porc, concentré d''oignon, échalote, concentré de carotte, viande de porc, ail, épices, plantes aromatiques, _céleri_, carottes, concentré de _céleri_, poireau, oignon), sel, arôme naturel (présence naturelle de polyphénols), dextrose de maïs, antioxydant : acide ascorbique.', 'France', 'Le Supérieur A l''Etouffé');
INSERT INTO public.product (kcal_100g, barcode, ingredients, origin_country, product_name) VALUES (35, 3168930166078, 'Tomates (en purée à base de concentré et en morceaux) (68%), oignon, poivrons (10%), piment jalapeño (2%), vinaigre d''alcool, sel, amidon de maïs modifié, sucre, purée d''ail, épices', 'France', 'Doritos Salsa douce');
INSERT INTO public.product (kcal_100g, barcode, ingredients, origin_country, product_name) VALUES (600, 810032300463, 'Organic Sprouted Pumpkin Seeds, Sea Salt', 'World, Vereinigte Staaten von Amerika, en:united-states', 'Organic Sprouted Pumpkin Seeds');
INSERT INTO public.product (kcal_100g, barcode, ingredients, origin_country, product_name) VALUES (667, 8719200204621, 'vegetable oils 75% (sunflower, coconut, rapeseed in variable proportions), water, buttermilk (milk), emulsifier (sunflower lecithin), salt (0,4%), acidity regulator (lactic acid), natural flavor, color (carotenoids), vitamin d,', 'France', '');
INSERT INTO public.product (kcal_100g, barcode, ingredients, origin_country, product_name) VALUES (410, 3760077538482, 'Basilic frais 44,5%, huile de tournesol, pommes de terre, noix de cajou, fromage Grana Padano AOP 2% (contient œufs), sel, ail, pignons de pin, huile d''olive, jus de citron concentré, fromage Pecorino Romano AOP 0,2%.', 'en:fr', 'Pesto alla Genovese');
INSERT INTO public.product (kcal_100g, barcode, ingredients, origin_country, product_name) VALUES (410, 5902884465959, 'Granola 91,5% (flocons d''avoine, flocons de blé, sirop de dattes (dattes, farine de racine de chicorée, farine de riz, graines de tournesol, poudre de cacao allégée, chocolat noir 5% (masse de cacao, sucre, beurre de cacao, émulsifiant : lecithines), framboises lyophilisées 3,5%.', 'Francia', 'Granola au chocolat et framboises');
INSERT INTO public.product (kcal_100g, barcode, ingredients, origin_country, product_name) VALUES (507, 5000237138342, 'Potato (Dried Potato & Potato Starch), Sunflower Oil (26%), Salt, Potassium Chloride.', 'United Kingdom', 'Hula Hoops salted');
INSERT INTO public.product (kcal_100g, barcode, ingredients, origin_country, product_name) VALUES (535, 8719200234826, 'Aceites vegetales (nabina, oliva 8%, girasol, linaza), agua, grasa de coco, emulgentes (lecitina, monoglicéridos y diglicéridos de ácidos grasos), sal 0,2%,acidulante (ácido cítrico), aromas naturales, vitaminas (A, B1, D). Puede contener trazas de leche.', 'en:es', 'Flora Rica en Omega 3');
INSERT INTO public.product (kcal_100g, barcode, ingredients, origin_country, product_name) VALUES (282, 29296088, 'Wheatflour contains Gluten (with Wheatflour, Calcium Carbonate, Iron, Niacin, Thiamin) Wildfarmed Wheatflour contains Gluten (with Wheatflour, Calcium Carbonate, Iron, Niacin, Thiamin) (16%) Water Sunflower Seeds (10%) Wholemeal Spelt (Wheat contains Gluten) (5%). Spelt Flakes (Wheat contains Gluten) (3.5%) Wheat Gluten - Wheat Fibre (contains Gluten) Wheat Bran (contains Gluten) Yeast (Yeast Vitamin D Yeast) Rye Flour (contains Gluten). Cornish Sea Salt Rapeseed Oil Fermented Wheat Flour (contains Gluten) Flour Treatment Agent: Ascorbic Acid.', 'en:United Kingdom', 'Sunflower and spelt loaf');
INSERT INTO public.product (kcal_100g, barcode, ingredients, origin_country, product_name) VALUES (257, 474030, 'Fortified British Wheat Flour (Wheat Flour, Calcium Carbonate, Iron, Niacin, Thiamin), Water, Rice Flour, Sea Salt, Rapeseed Oil. Extra Virgin Olive Oil (0.5%), Soya Flour, Fermented Wheat Flour, Wheat Gluten, Flour Treatment Agent: Ascorbic Acid.', 'en:gb', 'White Sourdough Bloomer');
INSERT INTO public.product (kcal_100g, barcode, ingredients, origin_country, product_name) VALUES (142, 5010034013681, 'Steamed basmati rice (98%), sunflower oil.', 'en:gb', 'Basmati');
INSERT INTO public.product (kcal_100g, barcode, ingredients, origin_country, product_name) VALUES (648, 8720182609984, 'Huile de colza 68%, eau, vinaigre de vin blanc, moutarde de Dijon (eau, graines de MOUTARDE, vinaigre d''alcool, sel), jaune d''ŒUF origine France 5,1%, sel, sucre, arômes, épaississant : gomme xanthane, colorants : lutéine et extrait de paprika.', 'France', 'Mayonnaise de Dijon');
INSERT INTO public.product (kcal_100g, barcode, ingredients, origin_country, product_name) VALUES (100, 5051399194349, 'Haricot Beans, Water, Firming agent (Calcium Chloride).', 'en:United Kingdom', 'Haricot Beans In Water');
INSERT INTO public.product (kcal_100g, barcode, ingredients, origin_country, product_name) VALUES (224, 29360642, 'Wheatflour (Calcium Carbonate Iron, Niacin, Thiamin), Water, Durum Wheat Semolina, Corn Grits Rye Flour, Sea Salt, Malted Barley Flour, Barley Malt Extract, Wholemeal Wheatflour, Wheatflakes', 'en:United Kingdom', 'collection crafted white sourdough');
INSERT INTO public.product (kcal_100g, barcode, ingredients, origin_country, product_name) VALUES (296, 4056489749516, '64% harina integral de trigo, agua, aceite de girasol, estabilizantes: glicerina, goma guar, carboximetilcelulosa sódica; gluten de trigo, corrector de acidez: ácido málico; emulgente: monoglicéridos y diglicéridos de ácidos grasos; conservadores: propionato sódico, sorbato potásico; sal, gasificante: carbonatos de sodio; agente de tratamiento de la harina: L-cisteína.', 'en:Spain', 'Tortillas de Trigo 100% integrales');
INSERT INTO public.product (kcal_100g, barcode, ingredients, origin_country, product_name) VALUES (32, 5060362072133, 'Water, Almond Paste 3.1%, Agave Syrup, Coconut Milk, Sunflower Seed Protein, Oat Fibre, Sea Salt.', 'United Kingdom', 'Plenish Barista Organic Almond Drink');
INSERT INTO public.product (kcal_100g, barcode, ingredients, origin_country, product_name) VALUES (42, 5942321000046, 'dioxid de carbon, colorant E 150d, acidifiant, arome naturale, aromă cafeină.', 'Romania', 'Cola');
INSERT INTO public.product (kcal_100g, barcode, ingredients, origin_country, product_name) VALUES (249, 4056489851370, 'Wheat Flour (Wheat Flour, Calcium Carbonate, Niacin, Iron, Thiamin), Water, Yeast, Spirit Vinegar, Salt, Preservative: Calcium Propionate; Wheat Starch', 'Germany, en:united-kingdom', 'White pitta bread');
INSERT INTO public.product (kcal_100g, barcode, ingredients, origin_country, product_name) VALUES (358, 8719200282612, 'Trinkwasser, pflanzliche Öle (Raps, Sonnenblumen, in veränderlichen Gewichtsanteilen), Kokosfett, 5% BUTTERMILCH, modifizierte Stärke, Speisesalz (0,5%), Emulgatoren (Mono - und Diglyceride P von Speisefettsäuren, Lecithine), Konservierungsstoff (Kaliumsorbat), Säuerungsmittel (Milchsäure), natürliche Aromen, Vitamin D, Farbstoff (Carotin)', 'Germany, en:switzerland', 'Lätta Halbfettmargarine');
INSERT INTO public.product (kcal_100g, barcode, ingredients, origin_country, product_name) VALUES (576, 51500243213, 'peanuts, sugar, palm oil, contains 2% or less of salt, molasses.', 'United States, World', 'Natural Creamy Peanut Butter');
INSERT INTO public.product (kcal_100g, barcode, ingredients, origin_country, product_name) VALUES (400, 58449770206, 'Kamut khorasan wheat flour*, wheat bran*, whole wheat meal*, cane sugar*, whole oat flour*, spelt flour*, barley flour*, whole millet*, barley malt extract*, quinoa*, sea salt, honey*.', 'France,États-Unis,Monde,en:États-Unis', 'Heritage Flakes Cereal');
INSERT INTO public.product (kcal_100g, barcode, ingredients, origin_country, product_name) VALUES (157, 819589, 'Tomato Paste (37%) Sugar. Water. Vinegar. Salt. Preservative: E202. Ground Paprika. Dried Onions Dried Garlic. Ground White Pepper. Ground Cloves. Flavouring.', 'Royaume-Uni', 'Tomato Ketchup');
INSERT INTO public.product (kcal_100g, barcode, ingredients, origin_country, product_name) VALUES (50, 1137637, 'Pasteurised homogenised semi skimmed milk', 'France,United Kingdom', 'Semi Skimmed Milk');
INSERT INTO public.product (kcal_100g, barcode, ingredients, origin_country, product_name) VALUES (590, 20005672, 'Erdnusskerne, Speisesalz, Weizenmehl, Geliermittel: Gummi arabicum, Sorbit, Gewürze, Aroma, Farbstoff: Paprikaextrakt. Kann Spuren von Schalenfrüchten enthalten.', 'Германия,Испания,България', 'Erdnüsse, pikant gewürzt');
INSERT INTO public.product (kcal_100g, barcode, ingredients, origin_country, product_name) VALUES (256, 20024642, 'Lait de vache pasteurisé, sel, ferments lactiques (lait) et d''affinage, présure,', 'France,Germany', 'Camembert');
INSERT INTO public.product (kcal_100g, barcode, ingredients, origin_country, product_name) VALUES (478, 20132170, 'Farine de blé, sucre, huiles végétales (palme, colza), sirop de sucre candi, poudre à lever : carbonates de sodium, sel, 0.1% cannelle.', 'France', 'Spéculoos');
INSERT INTO public.product (kcal_100g, barcode, ingredients, origin_country, product_name) VALUES (468, 20419813, '56 % fiocchi di avena integrale, zucchero, olio di semi di girasole, estruso di riso [farina di riso, zucchero, glutine di frumento, farina di cereali maltati (orzo, frumento), sale da cucina], sciroppo di glucosio, pezzetti di cioccolato al latte zucchero, pasta di cacao, latte intero in polvere, burro di cacao, emulsionante: lecitine (girasole)], corn flakes (mais, sale da cucina, estratto di malto d''orzo), cacao in polvere, sale da cucina, aroma naturale, antiossidante: estratti ricchi di tocoferolo.', 'France,Germany,Switzerland', 'Crunchy muesli');
INSERT INTO public.product (kcal_100g, barcode, ingredients, origin_country, product_name) VALUES (70, 20917906, 'Joghurt mild', 'China,France,Germany,Spain', 'Joghurt mild');
INSERT INTO public.product (kcal_100g, barcode, ingredients, origin_country, product_name) VALUES (33, 3036811366988, 'water, carrot*, potato*, onion*, celery root, cauliflower*, leek*, zucchini, cream powder, sea salt, corn starch*, natural flavour, *from organic farming, may contain traces of wheat (gluten) and egg,', 'France', 'Mouliné de légumes');
INSERT INTO public.product (kcal_100g, barcode, ingredients, origin_country, product_name) VALUES (351, 3038354534008, 'Riz long grain', 'France, Germany', 'Riz basmati');
INSERT INTO public.product (kcal_100g, barcode, ingredients, origin_country, product_name) VALUES (483, 3056440083599, 'wheat flour 75%, palm oil, sesame seeds 4,9%, glucose-fructose syrup, sugar, poppy seeds, baking powders (ammonium carbonates, calcium phosphates, sodium carbonates), salt, malted barley flour, dry yeast, gluten (wheat), flavour (celery), aromatic, spice,', 'France,en:france', 'Triangolini Sésame');
INSERT INTO public.product (kcal_100g, barcode, ingredients, origin_country, product_name) VALUES (22, 3092718605971, 'Eau (82%), jus de fruits à base de concentrés 10% (orange 6,2%, pêche 1,9%, abricot 1,8%, banane 0,1%), sucre, acidifiant : acide citrique, conservateurs : sorbate de potassium, dicarbonate de dimethyle, arôme naturel d''abricot avec autres arômes naturels, stabilisant : pectine, vitamines (niacine B3, B6, biotine B8), antioxydant : acide ascorbique.', 'France', 'Fruit shoot');
INSERT INTO public.product (kcal_100g, barcode, ingredients, origin_country, product_name) VALUES (34, 3124480235558, 'spring water 80%, fruit juice based on concentrates 12% (orange 6.6%, apple 5.3%, passion fruit 0.1%, mango 0.07%), sugar 7%, acidifiers: citric acid and malic acid, flavors, colors: lutein, carminic acid and paprika extract, antioxidant: ascorbic acid and alpha-tocopherol, stabilizer: acacia gum,', 'France, World, Belgique, Suisse, en:belgium', '');
INSERT INTO public.product (kcal_100g, barcode, ingredients, origin_country, product_name) VALUES (361, 3165440002919, '100% semoule de blé dur (gluten). Traces possibles de: soja, moutarde, lupin, céleri, fruits à coque.', 'France,Suisse', 'Couscous moyen');
INSERT INTO public.product (kcal_100g, barcode, ingredients, origin_country, product_name) VALUES (336, 3270190005100, 'sugar, water, glucose-fructose syrup, fruit juice based on concentrates 10% (lemon 5%, elderberry 2,8%, strawberry 2%, raspberry 0,2%), aroma, acidifier: citric acid,', 'France', 'Sirop de grenadine');
INSERT INTO public.product (kcal_100g, barcode, ingredients, origin_country, product_name) VALUES (207, 3272770004817, 'pasteurisierte Milch, Rahm, Milcheiweiss, Salz', 'Belgium, France, Luxembourg, Netherlands, Switzerland, en:morocco', 'St. Môret Frischkäse Nature');
INSERT INTO public.product (kcal_100g, barcode, ingredients, origin_country, product_name) VALUES (78, 3273220540015, 'Lait de brebis pasteurisé, eau, ferments lactiques sélectionnés (lait).', 'France', 'Le nature brebis nature');
INSERT INTO public.product (kcal_100g, barcode, ingredients, origin_country, product_name) VALUES (371, 3421557910210, 'whole oatmeal*, *ingredient from organic farming,', 'France', '');
INSERT INTO public.product (kcal_100g, barcode, ingredients, origin_country, product_name) VALUES (118, 3560071157722, 'fish meat 38%, water, wheat starch, and potato starch, skim milk rehydrated, rapeseed oil, sugar, salt, natural flavourings (contains fish, crustaceans, molluscs), colour : paprika extract,', 'France', '');
INSERT INTO public.product (kcal_100g, barcode, ingredients, origin_country, product_name) VALUES (369, 3560071178345, '_Lait_ pasteurisé issu de vaches nourrient sans OGM <0,9 %, sel, ferments _lactiques_, coagulant microbien.', 'France', 'EMMENTAL Râpé');
INSERT INTO public.product (kcal_100g, barcode, ingredients, origin_country, product_name) VALUES (360, 3564700444207, 'Riz long complet étuvé de qualité supérieure.', 'France', 'Riz complet');
INSERT INTO public.product (kcal_100g, barcode, ingredients, origin_country, product_name) VALUES (577, 5000128832519, 'cocoa mass, cane sugar, cocoa butter, emulsifier (lecithins (soya)), flavouring. cocoa solids 70% minimum,', 'United Kingdom', 'Chocolat Noir IRRESISTIBLE 70%');
INSERT INTO public.product (kcal_100g, barcode, ingredients, origin_country, product_name) VALUES (261, 8480012012352, 'café', 'Spain, en:morocco', 'Clásico soluble');
INSERT INTO public.product (kcal_100g, barcode, ingredients, origin_country, product_name) VALUES (395, 3800233070033, 'whole grain brown rice 92%, black impeial rice, chia and 3%, quinoa 3%, sea salt', 'Bulgaria, France, Hungary, Morocco, Spain, en:romania', 'Puffasztott Barna Rizs');
INSERT INTO public.product (kcal_100g, barcode, ingredients, origin_country, product_name) VALUES (630, 4104420181144, 'ERDNÜSSE* *aus biologischer Landwirtschaft. Kann Spuren von Milch, Mandel, Haselnuss, Walnuss, Cashewnuss, Macadamianuss, Sesam und Lupine enthalten.', 'Czech Republic, France, Germany, Switzerland, World, en:austria', 'Erdnussmus, fein');
INSERT INTO public.product (kcal_100g, barcode, ingredients, origin_country, product_name) VALUES (203, 4250241203524, 'Alaska Seelachs-Filet (65%), Paniermehl (_Weizenmehl_, Wasser, Gewürze (Paprika, Kurkuma), Hefe, Salz), Rapsöl, _Weizenmehl_, Stärke, Wasser, Salz', 'Österreich,Deutschland', 'Fischstäbchen');
INSERT INTO public.product (kcal_100g, barcode, ingredients, origin_country, product_name) VALUES (0, 5000157062635, 'Water, Tomatoes (23%), Per Per 2 %RI* Carrots (9%), Pasta 100g can Noodles (7%, Water, Durum Wheat Semolina, 135kJ', 'United Kingdom,Francia,Reino Unido', 'Minestrone Soup');
INSERT INTO public.product (kcal_100g, barcode, ingredients, origin_country, product_name) VALUES (160, 5000157079756, 'Tomato puree, sugar, spirit vinegar, molasses, water, modified starch, salt, ground mustard seed, maltodextrin, smoke, smoke flavouring, spices, onion, garlic', 'France, en:united-kingdom', 'Bull''s-Eye Original BBQ Sauce');
INSERT INTO public.product (kcal_100g, barcode, ingredients, origin_country, product_name) VALUES (476, 5000328435756, 'Wholegrains (67%) (Whole Corn, Whole Wheat, Whole Oat Flour), Sunflower Oil, Rice Flour (14%), Sugar, Sour Cream & Cracked Black Pepper Flavour [Natural Flavouring, Whey Powder (from Milk), Sour Cream Powder (from Milk), Acidity Regulator (Sodium Diacetate), Black Pepper, Salt].', 'France, en:united-kingdom', 'Sour Cream Multigrain Snacks');
INSERT INTO public.product (kcal_100g, barcode, ingredients, origin_country, product_name) VALUES (479, 5000328741314, 'Corn (Maize), Vegetable Oils (Corn, Sunflower, Rapeseed, in varying proportions), Tangy Cheese Flavour (Flavourings (from _Milk_), Whey Powder (from _Milk_), _Wheat_ Flour (contains Calcium, Iron, Niacin, Thiamin), Salt, Cheese Powder (from _Milk_), _Buttermilk_ Powder, Potassium Chloride, Flavour Enhancer (Monosodium glutamate), _Milk_ Protein, Dextrose, Acids (Lactic acid, Citric acid), Colours (Paprika extract, Annatto, Plain caramel), Spice, Sugar, Skimmed _Milk_ Powder).', 'United Kingdom', 'Doritos Tangy Cheese');
INSERT INTO public.product (kcal_100g, barcode, ingredients, origin_country, product_name) VALUES (235, 5010092093243, 'wholemeal wheat flour, water, kibbled malted wheat, wheat protein, yeast, sugar, salt, vegetable oils (rapeseed, palm), malted barley flour, vinegar, e471, e472e, soya flour, calcium propionate, ascorbic acid', 'France,United Kingdom', 'Wholemeal');
INSERT INTO public.product (kcal_100g, barcode, ingredients, origin_country, product_name) VALUES (45, 5038862104708, 'Apples, antioxidant (ascorbic acid).', 'France,United Kingdom', 'apple juice');
INSERT INTO public.product (kcal_100g, barcode, ingredients, origin_country, product_name) VALUES (161, 5052003594449, 'mariņade with extra virgin olive oill sundried tomatoes in a sunflower oil (1.5%), garlic and oregaño.', 'United Kingdom', 'Sun-dried tomato');
INSERT INTO public.product (kcal_100g, barcode, ingredients, origin_country, product_name) VALUES (142, 5052909349723, 'Avocado (80%), Water, Lime Juice, Tomato, Onion, Coriander, Salt, Antioxidant (Ascorbic Acid), Garlic Purée, Red Chilli.', 'United Kingdom', 'Guacamole');
INSERT INTO public.product (kcal_100g, barcode, ingredients, origin_country, product_name) VALUES (99, 5054268267717, 'milk (100%)', 'en:UK', 'Tesco Greek Style Yoghurt 4 X');
INSERT INTO public.product (kcal_100g, barcode, ingredients, origin_country, product_name) VALUES (76, 5060058330868, 'Yogurt (_milk_), Skimmed _milk_, Sugar/Liquid sugar (sucrose: 8.5%), Strawberry (2.1%), Dextrose, _Milk_ minerals, Modified tapioca starch, Natural flavourings, Acidity regulators (citric acid, sodium citrate), Lactobacillus casei (L. casei Danone®), Vitamins (B6, D).', 'France,United Kingdom', 'Actimel Strawberry');
INSERT INTO public.product (kcal_100g, barcode, ingredients, origin_country, product_name) VALUES (440, 5060283760003, 'hand popped corn, rapeseed oil, sea salt', 'Bélgica,França,Suíça,Reino Unido', 'Proper Corn - Popcorn Done Properly - Lightly Sea Salted');
INSERT INTO public.product (kcal_100g, barcode, ingredients, origin_country, product_name) VALUES (445, 6111243570039, 'wheat flour, sugar, hydrogenated vegetable fats, glucose syrup, cocoa powder, raising agents E500, E503, ammonium bicarbonate, sodium bicarbonate, salt, emulsifier: soy lecithin E322, natural identical flavour (vanilla)', 'France, en:morocco', 'Dima biscuit');
INSERT INTO public.product (kcal_100g, barcode, ingredients, origin_country, product_name) VALUES (0, 8690586257602, 'butane, isobutane, propane, alcohol denat., parfum, propylene glycol, ethylhexylglycerin, alpha-isomethyl ionone, benzyl salicylate, butylphenyl methylpropional, citronellol, coumarin, geraniol, hexyl cinnamal, limonene, linalool', 'en:Morocco', '');
INSERT INTO public.product (kcal_100g, barcode, ingredients, origin_country, product_name) VALUES (330, 7300400481700, 'whole grain rye flour, yeast, salt,', 'Belgique,France,Pays-Bas', 'Wasa Volkoren');
INSERT INTO public.product (kcal_100g, barcode, ingredients, origin_country, product_name) VALUES (473, 7622300315283, 'wheat flour, sugar, palm oil, rapeseed oil, fat-reduced cocoa powder 4,5 %, wheat starch, glucose-fructose syrup, raising agents (potassium carbonates, ammonium carbonates, sodium carbonates), salt, emulsifiers (soya lecithin, sunflower lecithin), flavouring,', 'France,Royaume-Uni', 'Oreo Original');
INSERT INTO public.product (kcal_100g, barcode, ingredients, origin_country, product_name) VALUES (290, 7622300383947, 'glucose syrup, sugar, water, preservative (e202)', 'Frankreich, Marokko, Spanien, Germany', '');
INSERT INTO public.product (kcal_100g, barcode, ingredients, origin_country, product_name) VALUES (360, 8851876200412, 'Rice 95%, Tapioca starch 5%', 'France, en:united-kingdom', 'instant rice vermicelli noodles');
INSERT INTO public.product (kcal_100g, barcode, ingredients, origin_country, product_name) VALUES (485, 9000331607917, 'Zucker, Weizenmehl, Pflanzenfette (Kokos, Palm), Haselnüsse (12% in der Creme), mageres Kakaopulver, Backtriebmittel: Natriumhydrogencarbonat; Salz, Emulgator: Sojalecithin, natürliches Aroma', 'Czech Republic,Germany', 'Original Neapolitaner');
INSERT INTO public.product (kcal_100g, barcode, ingredients, origin_country, product_name) VALUES (0, 6290090011039, 'Tomato concentrate, distilled vinegar, high fructose corn syrup, corn syrup, salt, spice, onion powder, natural flavoring', 'Bahrain, en:morocco', 'HEINZ TOMATO KETCHUP');
INSERT INTO public.product (kcal_100g, barcode, ingredients, origin_country, product_name) VALUES (506, 8711299020489, '48% pinda, 40% rozijn, 4,8% cashewnoot, 4,8% amande zonnebloemolie, conserveermiddel (E220 [sulfiet]). Kan andere noten bevatten.', 'France', 'Nuts & Raisins unsalted');
INSERT INTO public.product (kcal_100g, barcode, ingredients, origin_country, product_name) VALUES (225, 5998711723163, 'permeat din zer de lapte,stabilizator guma de guar, acidifiant,culturi lactice,lapte integral, smântână', 'France, Romania, en:poland', '');
INSERT INTO public.product (kcal_100g, barcode, ingredients, origin_country, product_name) VALUES (593, 8480000095237, 'Cacahuete 34%, avellana 28%, jarabe de glucosa, semillas de calabaza 12%, semillas de girasol 8%, miel, estabilizante: sorbitoles, emulgente: lecitinas de soja, antioxidante: extracto rico en tocoferoles,', 'España', 'Barritas frutos secos');
INSERT INTO public.product (kcal_100g, barcode, ingredients, origin_country, product_name) VALUES (76, 6111242102866, 'Lait frais partiellement écrémé, Sucre, préparation de pulpe de fruits, texturant: amidon, correcteur d''acidité: acide citrique, arome, ferments lactiques sélectionnés, colorant naturel.', 'Morocco', 'Mixy fraise');
INSERT INTO public.product (kcal_100g, barcode, ingredients, origin_country, product_name) VALUES (65, 8480000681720, 'Agua, azúcar, zumo de frutas (manzana, pera y uva) a partir de concentrado (6%), estabilizantes (carragenano y goma garrofin), dextrosa, correctores de acidez (ácido cítrico, citratos de sodio), aromas y colorante (carmín).', 'España', 'Gellytina');
INSERT INTO public.product (kcal_100g, barcode, ingredients, origin_country, product_name) VALUES (360, 12991240, '', 'Maroc', 'MayMouna Semoule Fine');
INSERT INTO public.product (kcal_100g, barcode, ingredients, origin_country, product_name) VALUES (2, 9350271000126, 'Raw kombucha (carbonated water, sugar*, black tea leaves, green tea leaves, traditional kombucha culture), flavour enhancer: erythritol, hibiscus tea, natural raspberry flavouring, lemon juice, sweetener steviol glycosides. *No sugar remains after Remedy''s traditional long-aged fermentation.', 'Australia, World, en:united-kingdom', 'Organic Kombucha Raspberry Lemonade');
INSERT INTO public.product (kcal_100g, barcode, ingredients, origin_country, product_name) VALUES (201, 8480000531414, 'mechanically separated meat from chicken, water, pork fat, starch, pork meat and crust, salt, natural flavors, stabilizer (e-450), vegetable fiber, smoke aroma, antioxidant (e-316), spices, spice extracts and preservative (e-250),', 'Espanha', 'Salchichas Frankfurt');
INSERT INTO public.product (kcal_100g, barcode, ingredients, origin_country, product_name) VALUES (33, 7622210317629, 'skimmed milk (water, skimmed milk powder), cheese, milk fat, skimmed milk powder, stabilisers (citric acid, sodium carbonate), milk protein, whey powder (from milk), calcium phosphate, inulin, emulsifying salt (triphosphate),', 'en:United Kingdom, United States', 'Cheese Triangles');
INSERT INTO public.product (kcal_100g, barcode, ingredients, origin_country, product_name) VALUES (19, 5060419860003, 'Cauliflower (100%)', 'United Kingdom, World', 'Riced Cauliflower');
INSERT INTO public.product (kcal_100g, barcode, ingredients, origin_country, product_name) VALUES (458, 8480000141972, 'wheat flour (gluten) (68%), sugar, high oleic sunflower oil (16% grated coconut, to starch (gluten), honey, raising agents (sodium acid carbonate, ammonium acid carbonate), salt, whey powder, barley ma extract (gluten), flavorings, antioxidants (ricon tocopherols extract, propyl gallate, ascorbyl palmitate), may contain traces of soy,', 'Espanha', 'Galletas Relieve');
INSERT INTO public.product (kcal_100g, barcode, ingredients, origin_country, product_name) VALUES (225, 5000232414700, 'cooked beef (98%), salt, preservative: sodium nitrite.', 'France, en:united-kingdom', 'Corned beef');
INSERT INTO public.product (kcal_100g, barcode, ingredients, origin_country, product_name) VALUES (332, 3103220045640, 'glucose syrup, sugar, gelatin, dextrose, acidifier: citric acid, aroma, fruit and plant concentrates: spirulina, safflower, lemon, carrot, invert sugar syrup, coating agents: white and yellow beeswax, carnauba wax,', 'France', 'Schtroumpfs');
INSERT INTO public.product (kcal_100g, barcode, ingredients, origin_country, product_name) VALUES (81, 5025840000978, 'FULL CREAM MILK', 'United Kingdom', 'Graham''s Gold Smooth');
INSERT INTO public.product (kcal_100g, barcode, ingredients, origin_country, product_name) VALUES (28, 3036811460365, 'water, carrot'',, leek'',, potato'',, onion, tomato puree,, pumpkin*, cream* powder, sea salt, natural pepper extract, total vegetable content: 48%, *from organic farming, may contain traces of wheat (gluten), celery and egg,', 'France', 'Velouté 6 légumes bio');
INSERT INTO public.product (kcal_100g, barcode, ingredients, origin_country, product_name) VALUES (0, 5060336500044, 'barley malt vinegar, barley malt extract', 'United Kingdom,en:united-kingdom', 'Malt Vinegar');
INSERT INTO public.product (kcal_100g, barcode, ingredients, origin_country, product_name) VALUES (154, 332071, 'Haricot Beans (51%), Tomatoes (33%), Water, Sugar, Modified Maize Starch, Salt, Onion Powder, Paprika Powder, Steviol Glycosides, Paprika Extract, Flavouring', 'United Kingdom', 'Baked Beans (Reduced Sugar & Salt)');
INSERT INTO public.product (kcal_100g, barcode, ingredients, origin_country, product_name) VALUES (162, 3608580968597, 'Raspberries, sugar, concentrated lemon juice, gelling agent: fruit pectins', 'United Kingdom', 'Reduced sugar raspberry extra jam');
INSERT INTO public.product (kcal_100g, barcode, ingredients, origin_country, product_name) VALUES (80, 5051413575994, 'tomato purée (99%), acidity regulator (circ acid).', 'United Kingdom', 'Tomato puree');
INSERT INTO public.product (kcal_100g, barcode, ingredients, origin_country, product_name) VALUES (350, 857273008666, 'Bovine Collagen', 'United States', 'Collagen Peptides');
INSERT INTO public.product (kcal_100g, barcode, ingredients, origin_country, product_name) VALUES (516, 5740900402768, 'butter (40%) ( milk ), water, rapeseed oil, salt,', 'United Kingdom', 'Lupark Spreadable Lighter');
INSERT INTO public.product (kcal_100g, barcode, ingredients, origin_country, product_name) VALUES (530, 395496, 'Wheatflour contains Gluten (with Wheatflour, Calcium Carbonate, Iron, not su nut Niacin, Thiamin) · Salted Butter (24%) (Butter (Milk)· Salt) · Sugar · Nibbed Pistachio Nuts (14%) · Nibbed Almonds (8%) · Golden Syrup (Invert Sugar Syrup) · Raising Agent: E450, E503, Sodium Bicarbonate · Dried Skimmed Milk.', 'Czech Republic, France, Thailand, Scotland, en:united-kingdom', 'All Butter Pistachio and Almond Cookies');
INSERT INTO public.product (kcal_100g, barcode, ingredients, origin_country, product_name) VALUES (46, 4088600216645, 'water, soy sauce extract (20%) (water, defatted soya bean,salt, roasted wheat), salt, sugar, colour: ammonia caramel', 'united-kingdom', 'Light soy sauce');
INSERT INTO public.product (kcal_100g, barcode, ingredients, origin_country, product_name) VALUES (553, 3456300012422, 'Huile de tournesol*, sucre de canne*, chocolat* 16,5% (sucre de canne*, cacao maigre* en poudre, beurre de cacao*), inuline d''agave*, purée de NOISETTES* 10%, sirop de riz* en poudre non raffiné, LAIT écrémé* en poudre, farine de SOJA*, émulsifiant : lécithines* (SOJA), extrait de vanille Bourbon*. *Produits issus de l''agriculture biologique. Peut contenir des traces d''autres FRUITS A COQUE et LUPIN. Souligné : ingrédients conformes aux standards du commerce équitable (35% du total des ingrédients d''origine agricole).', 'France,en:france', 'Pâte à tartiner choco noisette');
INSERT INTO public.product (kcal_100g, barcode, ingredients, origin_country, product_name) VALUES (402, 20891299, '91% rice, sugar, rice bran oil, 1,5% salt, soy sauce powder ( soya , rice, salt), flavour enhancers: disodium inosinate, disodium guanylate', 'United Kingdom', 'Lightly Salted Rice Crackers');
INSERT INTO public.product (kcal_100g, barcode, ingredients, origin_country, product_name) VALUES (0, 6111242600430, '', 'en:ma', 'Biscuit Tacos');
INSERT INTO public.product (kcal_100g, barcode, ingredients, origin_country, product_name) VALUES (148, 374743, 'Basil (53%), Olive oil, Extra Virgin Olive Oil (6%), Pecorino Romano cheese (Sheep''s Milk) (5%), Pine Nuts (4%),  Vegetable Fibre, Sugar, Salt, Parmagiano Reggiano Cheese (cow''s Milk) (1%), Potato starch, Acidity Regulator: Lactic Acid; Garlic Puree (garlic, salt, acidity regulators: lactic acid; citric acid), basil extract, Antioxidant: Ascorbic Acid.', 'United Kingdom', 'Pesto');
INSERT INTO public.product (kcal_100g, barcode, ingredients, origin_country, product_name) VALUES (196, 1766820, 'Atlantic Cod (Gadus morhua) (Fish) (60%), Breadcrumb (Fortified Wheat Flour (Wheat Flour, Calcium Carbonate, Iron, Niacin, Thiamin), Yeast, Salt, Cider Vinegar, Wheat Flour), Fortified Wheat Flour (Wheat Flour, Calcium Carbonate, Iron, Niacin, Thiamin), Rapeseed Oil, Water, Wheat Gluten, Cornflour, Salt, Sunflower Oil, Sugar, Spices: Paprika, White Pepper.', 'en:United Kingdom', 'Chunky cod fillet fish fingers');
INSERT INTO public.product (kcal_100g, barcode, ingredients, origin_country, product_name) VALUES (164, 3608580017257, 'Fruits (fraises 39%, framboises 21%), sucre, jus de citron concentré, gélifiant : pectine de fruits.', 'France', 'Confitures moins sucrée - Fraise & framboise intense');
INSERT INTO public.product (kcal_100g, barcode, ingredients, origin_country, product_name) VALUES (627, 8711299021110, '25% amande, 25% noisette, 25% noix de cajou, 25% noix', 'en:fr', 'Nut Mix');
INSERT INTO public.product (kcal_100g, barcode, ingredients, origin_country, product_name) VALUES (106, 5000171055026, 'Tuna (Fish), Spring Water, Salt.', 'United Kingdom', 'Tuna Chunks in Spring Water');
INSERT INTO public.product (kcal_100g, barcode, ingredients, origin_country, product_name) VALUES (398, 5070000126562, 'Wholegrain Oats (58%), Dates, Seeds (Sunflower, Pumpkin, Brown Linseed), Chicory Root Fibre, Extra Virgin Olive Oil, Dried Carrot, Quinoa, Dried Apple (2%), Almonds, Puffed Brown Rice, Cinnamon (1%), Natural Flavouring.', 'United Kingdom', 'Apple & Cinnamon Granola');
INSERT INTO public.product (kcal_100g, barcode, ingredients, origin_country, product_name) VALUES (196, 850004207413, 'Water, Pea Protein* (16%), Canola Oil, Coconut Oil, Rice Protein, Flavouring, Stabilizer (Methylcellulose), Potato Starch, Apple Extract, Colour (Beetroot Red), Maltodextrin, Pomegranate Extract, Salt, Potassium Salt, Concentrated Lemon Juice, Maize Vinegar, Carrot Powder, Emulsifier (Sunflower Lecithin).', 'United Kingdom', 'Beyond Burger');
INSERT INTO public.product (kcal_100g, barcode, ingredients, origin_country, product_name) VALUES (97, 4088600213019, 'water, barley malt vinegar, sugar, spirit vinegar, modified corn starch, tomato concentrate, date paste, cane molasses, salt, tamarind paste, spice extracts (contain mustard), colour: sulphite ammonia caramel, paprika extract,', 'United Kingdom', 'Brown Sauce');
INSERT INTO public.product (kcal_100g, barcode, ingredients, origin_country, product_name) VALUES (345, 6111243622424, '', 'en:ma', '');
INSERT INTO public.product (kcal_100g, barcode, ingredients, origin_country, product_name) VALUES (242, 1121124, 'Fortified British Wheat Flour (Wheat Flour, Calcium Carbonate, Niacin, Iron, Thiamin), Water, Kalamata Olives (11%), Rye Wholemeal Sourdough (Water, Rye Flour, Wholemeal Wheat Flour (Wholemeal Wheat Flour, Wheat Gluten), Salt, Wheat Flour, Yeast), Rye Flour, Rye Sourdough (Water, Rye Flour), Wheat Flour, Salt, Yeast, Malted Wheat Flour, Deactivated Dried Yeast, Flour Treatment Agent: Ascorbic Acid.', 'United Kingdom', 'Kalamata Olive Bloomer');
INSERT INTO public.product (kcal_100g, barcode, ingredients, origin_country, product_name) VALUES (500, 8002190006529, 'Farine e fiocchi di cereali 58,5% (_grano_ tenero integrale 27,5%, _avena_ 20%, mais integrale 5,5%, _frumento_ integrale maltato 4,5%, saraceno integrale 1%, sul prodotto finito), olio di girasole alto oleico 14,5%, zucchero, cioccolato fondente 10% (pasta di cacao, zucchero, destrosio, emulsionante: lecitina di soia), _frumento_ integrale soffiato 5,5%, sciroppo di riso, riso integrale soffiato 3,3%, cocco, albume d''_uovo_ fresco, amido di mais, agenti lievitanti (carbonato acido di ammonio, carbonato acido di sodio, tartrato monopotassico), sale marino integrale 0,3%, emulsionante: lecitina di girasole, aromi.', 'Italy', 'Cereali G - granola e frolla');
INSERT INTO public.product (kcal_100g, barcode, ingredients, origin_country, product_name) VALUES (62, 8423352106947, 'ingredients water, oat (12%), rapeseed oil, calcium carbonate, agua, avena (12%), accepted nabina, ingredients water, hazel (12%), wild turnip oil, calcium carbonate, tricalcium phosphate, marina salt, calcium carbonate, tricalcium phosphate, sea salt, nutritional information / nutritipn information / nutritional information tricalcium phosphate, sea salt, agua ingredients, oats (12%), wild turnip oil medium values / mean values / average vưlores', 'España', '');
INSERT INTO public.product (kcal_100g, barcode, ingredients, origin_country, product_name) VALUES (368, 1054200, 'Fortified Wheat Flour (Wheat Flour, Calcium Carbonate, Iron, Niacin, Thiamin), Water, Sunflower Seeds (9%), Wheat Bran, Linseed (3%), Salt, Pumpkin Seeds (1.5%), Rye Flour, Oats, Wheat Gluten, Poppy Seed (1.5%), Quinoa (1.5%), Sugar, Wheat Flour, Yeast, Caramelised Sugar, Flour Treatment Agent: Ascorbic Acid; Malted Wheat Flour.', 'United Kingdom', 'Multiseed loaf');
INSERT INTO public.product (kcal_100g, barcode, ingredients, origin_country, product_name) VALUES (207, 3023290050255, 'Lait entier (58,8%), sucre, crème (lait), pâte de cacao, beurre de cacao, poudre de lait écrémé, chocolat noir (2,7%) [pâte de cacao, sucre, émulsifiant (lécithine (soja)), arôme naturel de vanille], cacao maigre en poudre, caramel [sucre, eau, sirop de glucose], cacao en poudre, lactose (lait), gélatine, émulsifiant (E471), sel,', 'France, en:be', 'mousse chocolat');
INSERT INTO public.product (kcal_100g, barcode, ingredients, origin_country, product_name) VALUES (430, 6111259342880, 'Sugar, Wheat flour, Vegetable oils and fats (Sunflower, Palm), Eggs, vegetable origin (Polyglycerol esters of fatty acids E475; Mono and Diglycerides of fatty ecithin E322), Skimmed milk powder, Raising powders (Sodium bicarbonate E500; Acid m sorbate E202), Acidity regulator (Citric acid E330), Thickener (Modified starch E1442, luten), eggs, milk and soy. May contain traces of nuts and peanuts. Warning: consuming me de cacau. Ingredienté: Açúcar, Farinha de trigo, Oleos e gordufas vegetais (Girassol, Emulsificantes de origem vegetal (Esteres de poliglicerol de ácidos graxos E475; Mono e olissorbato 80 E433, lecitina de soja E322), Leite em pó desnatado, Pós para levedar 341), Conservante (Sorbato de potássio E202), Regulador de acidez (Acido citrico E330), ontém: Trigo (grãos contendo glúten), ovos, leite e soja. Pode conter vestígios de nozes te. NL. Cake gevuld met cacaoroom. Ingredienten Suiker, Tarwebloem, Plantaardige oliën op, Sorbitol, Plantaardige glycerine), Emulgatoren van plantaardige oorsprong (Polyglycero - stearoyl-2-factylaat E 481, polysorbaat 80 E433, sojalecithine E322), magere melkpoeder, sfaat E341), conserveermiddel (kaliumsorbaat E202), Zuurteregelaar (Citroenzuur E330), aakstof (vanilline). Bevat: Tarwe (glutenbevattende granen), eieren, melk en soja. Kan rbitol per dag kan een laxerend effect veroorzaken. AR . كعكة محشوة بكريمة الكاكاو. المكونات سكر ، دقيق القمح . زيوت ودهون نباتية دوار الشمس النخيل) ، بيض ، همـ استرات من الأحماض الدهنية 475 احادي وثنائي غليسريد من الأحماض الدهنية 6171 و172 الصوديوم ستيروم بيكربونات الصوديوم F500 بيروفوسفات حمض الصوديوم E460 ، فوسفات أحادي الكالسيوم E34 مواد حافظة (سور ملح ونكهة الفانيلين). يحتوي على القمح ( الحبوب التي تحتوي على الغلوتين البيض الحليب والصويا، قد يحتوي نگل 100 جم الحقائق التغذوية Nutrition facts', 'en:ma', 'Bunny');
INSERT INTO public.product (kcal_100g, barcode, ingredients, origin_country, product_name) VALUES (102, 4016241050199, 'Skyr Yogurt (Milk).', 'United Kingdom', 'Skyr creamy Natural');
INSERT INTO public.product (kcal_100g, barcode, ingredients, origin_country, product_name) VALUES (115, 3302740047374, 'Jambon de porc, bouillon (eau, os de porc, concentré d''oignon, échalote, concentré de carotte, viande de porc, ail, épices, plantes aromatiques, _céleri_, carottes, concentré de _céleri_, poireau, oignon), sel, arôme naturel (présence naturelle de polyphénols), dextrose de maïs, antioxydant : acide ascorbique.', 'France', 'Le Supérieur à l''Étouffée - Conservation sans Nitrite');
INSERT INTO public.product (kcal_100g, barcode, ingredients, origin_country, product_name) VALUES (0, 6111249190279, '', 'en:ma', 'Filets de maquereaux');
INSERT INTO public.product (kcal_100g, barcode, ingredients, origin_country, product_name) VALUES (0, 6111114001242, '', 'en:Morocco', 'CARRION');
INSERT INTO public.product (kcal_100g, barcode, ingredients, origin_country, product_name) VALUES (427, 5057753916428, 'Oat Flakes (72%), Sugar, Rapeseed Oil, Flaked and Chopped Almonds (2%), Honey (1.5%), Sunflower Seed, Flavouring.', 'en:gb', 'Honey & Almond Granola');
INSERT INTO public.product (kcal_100g, barcode, ingredients, origin_country, product_name) VALUES (227, 3272770015653, '65% MANDELERZEUGNIS (Wasser, 16% MANDELPÜREE'';), Wasser, Rapsöl, Inulin, Kartoffelstärke, Kräuter der Provence, Kräuter, Knoblauch, Zitronensaftkonzentrat, Speisesalz, natürliche Aromen', 'Germany, en:austria', 'Bresso 100% Pflanzlich - Kräuter der Provence');
INSERT INTO public.product (kcal_100g, barcode, ingredients, origin_country, product_name) VALUES (0, 7622201432058, '', 'en:Morocco', '');
INSERT INTO public.product (kcal_100g, barcode, ingredients, origin_country, product_name) VALUES (232, 4002671158772, 'Lait pasteurisé, sel, épaississant: gomme de caroube (E410), cultures: présure (microbienne)', 'Morocco', 'Cream Cheese');
INSERT INTO public.product (kcal_100g, barcode, ingredients, origin_country, product_name) VALUES (320, 3088541012697, '', 'France, en:morocco', 'Miel');
INSERT INTO public.product (kcal_100g, barcode, ingredients, origin_country, product_name) VALUES (120, 4056489562979, '41% Haferflocken, eiweißangereichertes Molkenpulver, Laktose, modifizierte Stärke, Maisstärke, 4,3% Vollmilchschokoladenraspel (Zucker, Vollmilchpulver, Kakaobutter**, Kakaomasse**, Emulgator: Lecithine), fettarmes Kakaopulver**, 2,1% Edelkakao-Schokoladenraspel (Kakaomasse** Zucker, Kakaobutter**, Emulgator: Lecithine), 2% gebrochene Kakaobohnen**, Speisesalz. **', 'Bulgaria, France, Slovakia, Spain, en:italy', 'Protein porridge chocolate');
INSERT INTO public.product (kcal_100g, barcode, ingredients, origin_country, product_name) VALUES (0, 100035000430, '', 'en:Morocco', '');
INSERT INTO public.product (kcal_100g, barcode, ingredients, origin_country, product_name) VALUES (0, 6111250476775, '', 'France, en:morocco', '');
INSERT INTO public.product (kcal_100g, barcode, ingredients, origin_country, product_name) VALUES (0, 6111203007193, '', 'France, en:morocco', '6111203007193');
INSERT INTO public.product (kcal_100g, barcode, ingredients, origin_country, product_name) VALUES (0, 7622202399398, '', 'en:morocco', '');
INSERT INTO public.product (kcal_100g, barcode, ingredients, origin_country, product_name) VALUES (482, 8076809580762, 'Oli vegetali (oliva, girasole), basilico fresco 30%, anacardi, Parmigiano Reggiano DOP 5% (latte), fibra di mais, siero di latte in polvere, sale, proteine del latte, olio extra vergine di oliva, zucchero, estratto di basilico, aromi naturali (latte), correttore di acidità: acido lattico, aglio,', 'Germany, Italy, en:bulgaria', 'Pesto alla genovese');
INSERT INTO public.product (kcal_100g, barcode, ingredients, origin_country, product_name) VALUES (238, 4056489526384, '98 % fromage (lait), sel, épaississant : farine de graines de caroube; acidifiant : acide citrique.', 'en:fr', 'Goldessa');
INSERT INTO public.product (kcal_100g, barcode, ingredients, origin_country, product_name) VALUES (19, 8002270506833, 'water, orange juice from concentrate (16%), sugar, carbon dioxide, orange extract (0,1%), acid: citric acid, natural flavour - ings, stabiliser: pectins, natu - ral orange flavouring, sweet - ener: steviol glycosides from stevia, sweetener from natu - ral origin, * at least 30% less sugar than similar sugar sweetened beverages, best before (end of the month, mm/yyyy): see base of can,', 'United Kingdom', 'Sanpellegrino');
INSERT INTO public.product (kcal_100g, barcode, ingredients, origin_country, product_name) VALUES (21, 8002270586835, 'water, orange juice from concentrate (13%), blood orange juice from concentrate (3%), sugar, carbon dioxide, natural orange flavouring with other natural flavourings, orange extract, colours: anthocyanins and paprika extract, stabiliser: pectins, acid: citric acid, sweetener: steviol glycosides from Stevia, natural flavourings.', 'United Kingdom', 'Aranciata Rossa');
INSERT INTO public.product (kcal_100g, barcode, ingredients, origin_country, product_name) VALUES (436, 8013355501506, 'Wheat flour 94g*, soybean oil, barley and maize malt extract, salt 1.7g*, acidity regulator: sodium hydrogen carbonate, malted barley flour, yeast. *for 100 grams of finished product. May contain traces of Eggs, Milk, Mustard, Nuts, Sesame and Soy.', 'Germany, Italy, en:portugal', 'Saltine Crackers');
INSERT INTO public.product (kcal_100g, barcode, ingredients, origin_country, product_name) VALUES (78, 5060426812828, 'Coconut Milk (402), Coconut Water (40%), Water, Modified Corn Flour, Modified Tapioca Starch, Potato Starch, Guar Gum, Pectin, Natural Flavourings, Rice Flour, Vitamin D2, Vitamin B6, Vitamin B12, Tricalcium Phosphate (Calcium), Natural Flavouring, mented Cultures (S. Thermophilus L multiple Bulgaricus, Lactobacillus Acidophilus, R DS th T re and cultures. Bifidobacterium Lactis, Bifidobacterium spp.). vitamins D, Produced in a factory which handles nuts. tasty teria, your S', 'United Kingdom', 'Gut Health Cultured Coconut Plain');
INSERT INTO public.product (kcal_100g, barcode, ingredients, origin_country, product_name) VALUES (36, 3036811470012, 'Eau, carotte, pomme de terre réhydratée, céleri-rave, pomme de terre, oignon, oignon réhydraté, courgette, poireau, crème fraîche, beurre, sel, amidon de mais, poivre.', 'en:fr', 'Mouliné légumes du potager');
INSERT INTO public.product (kcal_100g, barcode, ingredients, origin_country, product_name) VALUES (99, 4056489666028, 'Getrocknete Kidney-Bohnen rehydratisiert, Wasser, Speisesalz, modifizierte Stärke, Antioxidationsmittel: Ascorbinsäure.', 'France, Germany, en:poland', 'Kidneybohnen');
INSERT INTO public.product (kcal_100g, barcode, ingredients, origin_country, product_name) VALUES (587, 5060482841770, 'Dark chocolate (50%) (cacao mass, coconut sugar, cacao butter), roasted almonds (50%), orange oil, salt', 'France, en:united-kingdom', 'chocolate orange dipped almonds');
INSERT INTO public.product (kcal_100g, barcode, ingredients, origin_country, product_name) VALUES (565, 3770024649062, 'Sucre, Lait entier en poudre, Beurre de cacao, pâte de cacao, Amandes hachées 6.5%, Noisettes hachées grillées 6.5%, Pâte de noisettes, Beurre laitier concentré, Emulsifiant (lécithines de soja), Extrait naturel de vanille, Cacao 32%', 'France', 'Tablette Lait noisettes et amandes pilées');
INSERT INTO public.product (kcal_100g, barcode, ingredients, origin_country, product_name) VALUES (387, 5063089112427, 'Maize, Sugar, Salt, Malted Barley Extract, Vitamin and Mineral Mix [Iron, Niacin (B3), Pantothenic Acid (B5), Vitamin B6, Riboflavin (B2), Thiamin (B1), Folic Acid (B9), Vitamin D, Vitamin B12].', 'en:gb', 'Corn Flakes');
INSERT INTO public.product (kcal_100g, barcode, ingredients, origin_country, product_name) VALUES (256, 281249002257, 'Water. Wheat Flour, Wholemeal Wheat Flour, Sunflower Kernels (3.5%), Barley Malt, Wheat Gluten, Linseed (2%), Oat Flakes. Rye Flour, Rapeseed Oil, Wheat Fibre, Salt, Sugar, Sourdough Culture (Wheat), Caramelised Sugar, Yeast, Soya Flour. This bakery product may also contain peanuts, nuts. milk, sesame, egg, soya and other allergens. This bakery product may also contain peanuts, nuts, milk, sesame, egg, soya and other allergens. eep refre an', 'United Kingdom', 'Seeded multigrain bloomer');
INSERT INTO public.product (kcal_100g, barcode, ingredients, origin_country, product_name) VALUES (455, 5060878780409, 'Chickpea Flour (25%), Potato Starch, Rice Flour, Rapeseed Oil, Tomato & Basil Flavour Seasoning [Rice Flour, Dextrose, Sugar, Tomato Powder, Yeast Extract Powder, Onion Powder, Salt, Herbs (Basil, Parsley), Garlic Powder, Acid (Citric Acid), Natural Flavouring, Cayenne Pepper, Colour (Paprika Extract, Maize Flour, Potassium Chloride, Salt. Packaged in a protective atmosphere.', 'United Kingdom,Ireland', 'Hummus Chips: Tomato + Basil flavour');
INSERT INTO public.product (kcal_100g, barcode, ingredients, origin_country, product_name) VALUES (433, 4061461998097, 'Wheat Flour, Potato Starch, Skimmed Milk Powder, Whey Powder (Milk), EXTRA VIRGIN OLIVE OIL (6%), Sunflower Oil, Corn Starch, Salt, Barley Malt Extract, Raising Agent: Ammonium Carbonates Flavouring)', 'en:United Kingdom', 'Italian Crackers With 6% Extra Virgin Olive Oil');
INSERT INTO public.product (kcal_100g, barcode, ingredients, origin_country, product_name) VALUES (683, 5740900404779, 'plant oils (rapeseed, coconut, shea), water, oat, culture, salt, carrot concentrate, lemon concentrate', 'en:United Kingdom', 'lurpak plant based');
INSERT INTO public.product (kcal_100g, barcode, ingredients, origin_country, product_name) VALUES (69, 5060262489741, 'Rice noodles (62%) (rice, tapioca starch, salt, broth paste (36%) (soybean paste [water, soya beans, rice, salt), water, sesame paste (10%), yeast extract, sesame oil (6%), sugar, rice bran oil, salt, alcohol, onion powder, paprika powder, garlic powder, chilli powder, ginger powder, black pepper), dried spring onion. Allergy advice: for allergens, see ingredients in bold. May contain celery and mustard.', 'United Kingdom', 'Rice noodles chick-n ramen');
INSERT INTO public.product (kcal_100g, barcode, ingredients, origin_country, product_name) VALUES (256, 5025125000242, 'INGREDIENTS. Wheat Flour (Wheat Flour, Calcium Carbonate, Iron, Niacin, Thiamin) Water, Mixed Seeds (Golden Linseeds, Sunflower Seeds) (6%) Sprouted Spelt Grains (1.5%), Salt, Fermented Wheat Flour', 'en:gb', 'Jason''s sourdough grains and seeds');
INSERT INTO public.product (kcal_100g, barcode, ingredients, origin_country, product_name) VALUES (36, 8402001012310, 'Calabacín 43%, agua, cebolla, zanahoria, apio nabo, aceite de oliva virgen extra, sal. Puede contener trazas de cereales con gluten, frutos con cáscara, leche, soja y huevo. Sin conservantes ni colorantes.', 'España', 'Crema de calabacín');
INSERT INTO public.product (kcal_100g, barcode, ingredients, origin_country, product_name) VALUES (92, 4000405001738, 'Trinkwasser, 9% _Weizengluten_, Verdickungsmittel (Carrageen, Konjak), Rapsöl, Bambusfasern,  2% Weizenmehl, Gewürzextrakte, Kochsalz, Hanfprotein, natürliches Aroma, Branntweinessig, Gewürze, färbende Lebensmittel (Konzentrat aus Rettich, Konzentrat aus Karotte), Zitronensaftkonzentrat.', 'Germany', 'Veganer Hauchschnitt Klassisch-Typ Hähnchen');
INSERT INTO public.product (kcal_100g, barcode, ingredients, origin_country, product_name) VALUES (107, 6111126005474, 'Lait entier, préparation de fruits, sucre naturel, poudre de lait écrémé, amidon, ferments lactiques المكونات: حليب كامل مستحضر ،الفاكهة، سكر طبيعي، مسحوق الحليب بدون قشدة، نشاء خمائر حليبية ترخيص صحي Agrément sanitaire - MA LPL.10.5,18', 'en:Morocco', 'Chergui maxi brassé');
INSERT INTO public.product (kcal_100g, barcode, ingredients, origin_country, product_name) VALUES (899, 5060265830274, '100% rapeseed oil', 'en:United Kingdom', 'Extra Virgin Rapeseed Oil');
INSERT INTO public.product (kcal_100g, barcode, ingredients, origin_country, product_name) VALUES (116, 5000342000992, 'Mattessons Low Fat High in Protein 29 Calories Per Slice* Smoke flavoured turkey rashers with added water. Turkey (84%), Water, Salt, Flavourings, Sugar, Dextrose, Stabiliser (Sodium Tripolyphosphate), Yeast Extract, Preservative (Sodium Nitrite), Pepper, Smoke Flavouring. CTRAY Recycle FILM Don''t Recycle 00 Nutri Typical values Energy Fot information ng Each Rasher (25g Approx) 491k)/176illed contains Carbohydrates', 'United Kingdom', 'Turkey Rashers');
INSERT INTO public.product (kcal_100g, barcode, ingredients, origin_country, product_name) VALUES (171, 3302740086113, 'Riz 31% (eau, riz), poivrons 16% (rouges et jaunes), viande de poulet 10% (poulet 8,5%, eau, amidon de tapioca, dextrose, sel), eau, huile de colza, crème fraîche, pousses de bambou, maïs cuit (eau, maïs, curcuma), lait de coco 3,5% (eau, noix de coco), cacahuètes 3,3%, petits pois, oignons, ail, gingembre, crème de riz, échalotes, sel, coriandre, vinaigre de vin blanc, sucre, citronnelle, poudre de lait écrémé, farine de manioc, curcuma, curry 0,04% (épices, plantes aromatiques, ail, sel), cumin, cannelle, piment. Traces éventuelles de fruits à coque, sésame. Viande de poulet origine UE. Les informations en gras et soulignées sont destinées aux personnes allergiques et intolérantes.', 'France', 'Wok&go - Poulet et riz au curry, coco');
INSERT INTO public.product (kcal_100g, barcode, ingredients, origin_country, product_name) VALUES (281, 4056489810612, 'PORK, Water, Salt, GLUCOSE (GLUCOSE), Spices, ANIMAL PROTEIN, Flavourings, DRIED ACEROLA', 'Germany, Romania, United States, en:bulgaria', 'crenvurști piticel');
INSERT INTO public.product (kcal_100g, barcode, ingredients, origin_country, product_name) VALUES (79, 4056489055884, '82% lait de vache concentré écrémé, lait de vache écrémé, ferments lactiques, sucre, 3,5% myrtille, 3% mûre, 3% cassis, 1,5% cranberry, stabilisant : pectines ; arômes naturels, jus concentré de carotte noire, jus concentré de citron.', 'Germany, en:france', 'Specialite laitière Myrtille Mûre Cassis');
INSERT INTO public.product (kcal_100g, barcode, ingredients, origin_country, product_name) VALUES (347, 8076809578356, 'Semoule complète de BLÉ dur, eau. Peut contenir des traces de SOJA et de MOUTARDE.', 'Frankreich, Germany', 'Tortiglioni- Pâtes alimentaires de semoule et de blé dur 500G');
INSERT INTO public.product (kcal_100g, barcode, ingredients, origin_country, product_name) VALUES (421, 5000168039268, 'Wholewheat Flour (80%), Vegetable Oils (Sunflower, Palm), Flavouring [Yeast Extract (Barley), Salt, Vegetable Extract (Carrot)], Salt, Potassium Chloride, Magnesium Chloride, White Pepper. For atergens, including cereals containing gluten, see ingredients in bold.', 'en:united-kingdom', 'Twiglets');
INSERT INTO public.product (kcal_100g, barcode, ingredients, origin_country, product_name) VALUES (0, 4058172922091, 'Säuerungsmittel Citronensäure, Säureregulator Natriumhydrogencarbonat, Calciumcarbonat, Magnesiumcarbonat, Füllstoff Sorbit, Aromen, Süßungsmittel Natriumcyclamat und Natriumsaccharin, Maltodextrin, Rote-Bete-Pulver, Zinkcitrat, Farbstoff Riboflavin, Mangansulfat, Kupfercitrat, Chrom-III-chlorid, Natriummolybdat, Natriumselenit.', 'Germany, en:morocco', 'Multi-Mineral');
INSERT INTO public.product (kcal_100g, barcode, ingredients, origin_country, product_name) VALUES (58, 6111242882065, 'lait entier UHT', 'en:Morocco', '');
INSERT INTO public.product (kcal_100g, barcode, ingredients, origin_country, product_name) VALUES (59, 7394376621673, 'Water, OATS 10%, rapeseed oil, sea salt, acidity regulator (potassium carbonate)', 'en:United Kingdom', 'Oatly Barista Organic Oat Drink');
INSERT INTO public.product (kcal_100g, barcode, ingredients, origin_country, product_name) VALUES (0, 6111252630830, 'lait, beurre, ferments, présure, protéines de lait, sel, correcteur d''acidité E330, conservateur E202', 'en:Morocco', '');
INSERT INTO public.product (kcal_100g, barcode, ingredients, origin_country, product_name) VALUES (0, 3600551020419, 'Eau, glycérine, palmitate d''isopropyle (isopropyl palmitate), alcool cétéarylique (cetearyl alcohol), propanediol, glyceril stearate, diméthicone, esters de cétyle, huile d''amande douce (Prunus amygdalus dulcis), huile de noyau d''abricot (Prunus armeniaca), beurre de karité (Butyrospermum parkii), allantoïne, PEG-100 stearate, ammonium polyacryloyldimethyl taurate, hydroxyacetophenone, caprylyl glycol, acide citrique, gomme xanthane, parfum (FIL Z280662/1).', 'France,en:france', 'La Crème des peaux extra-sèches');
INSERT INTO public.product (kcal_100g, barcode, ingredients, origin_country, product_name) VALUES (0, 6281001112044, 'Aqua, Toothpaste, Water, Salt, Color, Blue teeth,(E204, E471), Toothpaste.', 'United Arab Emirates, en:morocco', 'Triple action mint toothpaste');
INSERT INTO public.product (kcal_100g, barcode, ingredients, origin_country, product_name) VALUES (20, 31200452009, 'water, cranberry juice from concentrate (27 %), sugar, vitamin c, vegetable and fruit concentrate (carrot, cranberry), natural flavouring.', 'France,United Kingdom', 'Cranberry Classic');
INSERT INTO public.product (kcal_100g, barcode, ingredients, origin_country, product_name) VALUES (270, 43647160010, 'Sugar, strawberries, gelling agent: citrus pectin, acidity regulator: citric acid.', 'World, Estados Unidos, en:united-kingdom', 'Pure Strawberry Jam');
INSERT INTO public.product (kcal_100g, barcode, ingredients, origin_country, product_name) VALUES (594, 51500017005, 'PEANUTS, CONTAINS 1% OR LESS OF SALT.', 'France, World, en:united-states', 'Creamy Natural Peanut Butter');
INSERT INTO public.product (kcal_100g, barcode, ingredients, origin_country, product_name) VALUES (13, 1550368, 'Water, Hulled _Soya_ Beans (7%), Tri-Calcium Phosphate, Maltodextrin, Flavouring, Stabiliser (Gellan Gum), Vitamin B12, Vitamin D2, Riboflavin (B2).', 'United Kingdom', 'Unsweetened Soya');
INSERT INTO public.product (kcal_100g, barcode, ingredients, origin_country, product_name) VALUES (428, 1817928, '_Oat_ Flakes (73%), Sugar, Palm Oil, Freeze Dried Strawberry (1.5%), Sunflower Seeds, Honey, Desiccated Coconut.', 'Royaume-Uni', 'Strawberry Granola');
INSERT INTO public.product (kcal_100g, barcode, ingredients, origin_country, product_name) VALUES (623, 10001417, 'cashew nuts', 'France,United Kingdom,Ireland', 'Tesco Cashew Nuts');
INSERT INTO public.product (kcal_100g, barcode, ingredients, origin_country, product_name) VALUES (230, 10061282, 'Cooked Chickpeas (43%), Rapeseed Oil, Water, Tahini _Sesame Seed_ Paste, Concentrated Lemon Juice, Salt, Garlic, Cooked Chickpeas', 'United Kingdom', 'Houmous');
INSERT INTO public.product (kcal_100g, barcode, ingredients, origin_country, product_name) VALUES (238, 20000660, 'sugar, 50% blueberries, gelling agent: pectins, acidity regulator: citric acid,', 'Belgia,Ranska,Saksa,Espanja,Suomi', 'Mustikkahillo');
INSERT INTO public.product (kcal_100g, barcode, ingredients, origin_country, product_name) VALUES (379, 20067274, '56% Wheat Semolina, Sugar, 14% Wholegrain Wheat Flour, 7.5% Fat Reduced Cocoa Powder, Glucose Syrup, 1.5% Cocoa Powder, Barley Malt Extract, Salt, Natural Flavouring, Cinnamon. Allergy Advice For allergens, including Cereals containig Gluten, see ingredients in bold. May also contain Milk, Nuts, Peanuts and other Cereals containing Gluten. Storage Instructions', 'Belgique,France,Allemagne,Irlande,Pays-Bas,Royaume-Uni', 'Choco Shells');
INSERT INTO public.product (kcal_100g, barcode, ingredients, origin_country, product_name) VALUES (31, 20068295, 'water, sugar, acidifier: citric acid, concentrated peach juice (0,2%), tea extract (0,1%), aroma', 'Belgique,France', 'Iced tea saveur pêche');
INSERT INTO public.product (kcal_100g, barcode, ingredients, origin_country, product_name) VALUES (501, 20071097, 'wheat  flour, butter 28% ( milk ), cheese 10% ( milk ), yeast, salt, skimmed  milk  powder,  barley  malt flour, sugar,', 'France,Germany,United Kingdom', 'Flûtes feuilletées fromage');
INSERT INTO public.product (kcal_100g, barcode, ingredients, origin_country, product_name) VALUES (356, 20104214, '33,2% whole grain flakes (oatmeal, wheat flakes), sweetener: maltitols, 10,6% apple pieces (99,1% apple, acidifier: citric acid, antioxidant: ascorbic acid), 8,6% whole wheat crispies (whole wheat flour), sunflower oil, 4,2% cornflakes (corn, salt, barley malt extract), humectant: glycerol, coconut flakes, acidifier: citric acid, natural apple flavor with other natural flavors,  salt, emulsifier: lecithins (sunflower), *contains at least 70% sugar by contribution to similar products,    may contain traces of nuts, aracthides, milk, soy, sesame seeds and sulphur dioxide, eve consumption may have laxtive effects,', 'Alemanha', 'Musli bar apple');
INSERT INTO public.product (kcal_100g, barcode, ingredients, origin_country, product_name) VALUES (650, 20978075, '97% roasted peanuts, vegetable fat (palm fat, shea fat), sea salt,', 'France,en:united-kingdom', 'Peanut Butter');
INSERT INTO public.product (kcal_100g, barcode, ingredients, origin_country, product_name) VALUES (343, 20995751, 'Bio Vollkorn Hartweizengrieß 100%', 'Österreich,Frankreich,Deutschland', 'bio vollkorn penne');
INSERT INTO public.product (kcal_100g, barcode, ingredients, origin_country, product_name) VALUES (118, 3033710074624, 'Café décaféiné.', 'France', 'NESCAFÉ SPECIAL FILTRE Décaféiné, Café Soluble, Flacon de 200g');
INSERT INTO public.product (kcal_100g, barcode, ingredients, origin_country, product_name) VALUES (118, 3033710076505, '100% café.', 'France, French Polynesia, New Caledonia, en:reunion', 'NESCAFÉ NES, Café Soluble,');
INSERT INTO public.product (kcal_100g, barcode, ingredients, origin_country, product_name) VALUES (239, 3045320001655, 'Fruits (fraises 20 %, cerises 15 %, groseilles 12 %, cassis 3 %), sucre, sucre roux de canne, jus de citrons concentré et, éventuellement, gélifiant : pectine de fruits, si les fruits n''en contenaient pas suffisamment.', 'France', 'confiture bonne maman 4 fruits');
INSERT INTO public.product (kcal_100g, barcode, ingredients, origin_country, product_name) VALUES (310, 3165437041006, '100 % sirop d''agave issu de l''agriculture biologique.', 'France,Suisse', 'Sirop d''Agave bio');
INSERT INTO public.product (kcal_100g, barcode, ingredients, origin_country, product_name) VALUES (360, 1002942, 'Wholewheat, Sugar, Invert Sugar Syrup, Barley Malt Extract, Salt, Niacin, Iron, Vitamin B12, Pantothenic Acid, Vitamin D, Thiamin, Riboflavin, Folic Acid, Vitamin B6.', 'en:United Kingdom', 'Wholegrain Malties');
INSERT INTO public.product (kcal_100g, barcode, ingredients, origin_country, product_name) VALUES (145, 3270190205685, '101980220 #107 LVOLLZONIL NIKON NEXOW W LO/61:200 12 ceufs de catégorie A de poules élevées en plein air. Code du producteur sur l''oeuf: 1 ou 0 = plein air, FR = France, 3 lettres = identification de l''élevage, 2 chiffres = N° du bâtiment. Conservation:', 'Belgique,France,Suisse', 'Œufs de poules Elevées en plein air');
INSERT INTO public.product (kcal_100g, barcode, ingredients, origin_country, product_name) VALUES (357, 3483050001420, 'buckwheat flour (so-called black wheat), possible traces of gluten,', 'France,Germany', 'Farine de Sarrasin');
INSERT INTO public.product (kcal_100g, barcode, ingredients, origin_country, product_name) VALUES (513, 3564700010846, 'cocoa mass (cocoa 52% minimum), sugar, cocoa butter, e322(soya), flavouring, trace amounts (nuts, milk, gluten)', 'France,Tunisie, en:germany, en:reunion', 'Chocolat dessert pâtissier');
INSERT INTO public.product (kcal_100g, barcode, ingredients, origin_country, product_name) VALUES (470, 3564700530665, 'corn flour 79%, sunflower oil, salt,', 'France', 'Tables du Mondes - Tortillas chips original');
INSERT INTO public.product (kcal_100g, barcode, ingredients, origin_country, product_name) VALUES (177, 3599740007266, 'Cabillaud 63%, chapelure 13% (dont farine de blé 12%), eau, huile de colza, farine de blé 4,3%, amidon (pommes de terre, blé), farine d''épeautre complet 1,0%, gluten de blé, sel, poivre noir 0,04%, extrait de poivre noir.', 'France', 'Tranches panées de Cabillaud MSC');
INSERT INTO public.product (kcal_100g, barcode, ingredients, origin_country, product_name) VALUES (530, 3660603004859, 'rapeseed oil, water, herbs (onion, shallot, parsley), pickles (4%), capers (3%), vinegars (alcohol vinegar, white wine vinegar), sugar, egg yolks, salt, dijon mustard (water, mustard seeds, alcohol vinegar, salt), pepper, modified starch, flavor,', 'France', 'Tartare sauce aux cornichons et aux câpres');
INSERT INTO public.product (kcal_100g, barcode, ingredients, origin_country, product_name) VALUES (131, 4000405005316, 'Trinkwasser, Rapsöl, Weizengluten, Aroma, Bambusfasern, Kochsalz, Kartoffelprotein, Weizenmehl, Citrusfasern, Gewürze, Verdickungsmittel: Carrageen, Konjak Traubenzucker, färbende Lebensmittel: Konzentrat aus Rettich, Karotte; Farbstoffe: Eisenoxide, Carotine.', 'Deutschland', 'Vegane Mühlen Salami Klassisch');
INSERT INTO public.product (kcal_100g, barcode, ingredients, origin_country, product_name) VALUES (543, 4000539671104, 'sugar, cocoa butter,  milk powder, cocoa mass,  lactose, skimmed milk powder, emulsifier soya lecithin,  barley malt extract, vanillin', 'Åland Islands, Finland, France, Germany, Sweden, Switzerland, en:united-kingdom', 'Lapin d’or chocolat au lait');
INSERT INTO public.product (kcal_100g, barcode, ingredients, origin_country, product_name) VALUES (606, 4008258107010, 'Cashewkerne', 'France,Allemagne,Suisse', 'Cashew Kerne Nüsse');
INSERT INTO public.product (kcal_100g, barcode, ingredients, origin_country, product_name) VALUES (421, 4008400191423, 'Frische _VOLLMILCH_ (40 %), Palmöl, Zucker, _WEIZENMEHL_ (10,5 %), _MAGERMILCHPULVER_ (9 %), Honig (5 %), _BUTTERREINFETT_, _VOLLEIPULVER_, fettarmer Kakao, _WEIZENKLEIE_, Backtriebmittel: Dinatriumdiphosphat, Natriumhydrogencarbonat, Ammoniumcarbonat; Emulgator Mono - und Diglyceride von Speisefettsäuren, Salz, Aromen', 'Österreich,Frankreich,Deutschland,Italien', 'Milchschnitte 10er-Pack');
INSERT INTO public.product (kcal_100g, barcode, ingredients, origin_country, product_name) VALUES (300, 4104420024564, 'Agavendicksaft', 'France,Germany,Switzerland,World', 'Agavendicksaft');
INSERT INTO public.product (kcal_100g, barcode, ingredients, origin_country, product_name) VALUES (459, 5000118203664, 'Noodle mix (96%): Dried noodles (69%) [WHEAT flour (contains calcium carbonate, i niacin, thiamin), palm oil, salt, firming agents (potassium carbonate, sodium carbonate maltodextrin, WHEAT flour, sweetcorn, potassium chloride, flavour enhancers (monosodium glutamate, disodium inosinate, disodium guanylate), flavourings (contai MILK), sugar, skimmed MILK powder, palm fat, salt, onion powdert, yeast powder (contains WHEAT, BARLEY), mushrooms (0.4%), herbs (chivest, sage), potato starch, mushroom je concentrate, acid (citric acid). Sauce sachet (4%): Soy sauce [water, soy sauce (SOYBEANS WHEAT), salt, molasses, sugar, acid (acetic acid)].', 'France, United Kingdom', 'Chicken & Mushroom');
INSERT INTO public.product (kcal_100g, barcode, ingredients, origin_country, product_name) VALUES (348, 5000119004024, 'Wheat Flour (Wheat Flour, Calcium Carbonate, Iron, Niacin, Thiamin).', 'United Kingdom', 'Strong white flour');
INSERT INTO public.product (kcal_100g, barcode, ingredients, origin_country, product_name) VALUES (153, 5000119309235, 'Basmati rice', 'United Kingdom,Ireland', 'Basmati Rice');
INSERT INTO public.product (kcal_100g, barcode, ingredients, origin_country, product_name) VALUES (306, 5000128947589, 'Fortified Wheat Flour, Calcium carbonate, Niacin, Iron, Thiamin, Wheat Flour, Water, Vegetable Oils, Palm, Rapeseed, Humectant, Glycerol - Vegetable, Raising Agents, Diphosphates, Sodium hydrogen carbonate, Acids, Malic acid, Citric acid, Preservatives, Potassium sorbate, Calcium propionate, Ground Flaxseed, Sugar, Emulsifier, Mono - and diglycerides of fatty acids - Vegetable, Stabiliser, Carboxy methyl cellulose, Flavourings', 'France,Royaume-Uni', '8 Wraps');
INSERT INTO public.product (kcal_100g, barcode, ingredients, origin_country, product_name) VALUES (71, 5000157004017, 'Beans (49%), Tomatoes (35%), Water, Sugar, Modified Comflour, Spirit Vinegar, Salt, Spice Extracts, Herb Extract.', 'United Kingdom', 'Baked Bean In Tomato Sauce');
INSERT INTO public.product (kcal_100g, barcode, ingredients, origin_country, product_name) VALUES (426, 5000189363069, 'Sugar, cocoa mass, glucose syrup, vegetable fat (palm, shea), cocoa butter, BUTTER OIL (MILK), SKIMMED MILK POWDER, WHEY PERMEATE POWDER (MILK), stabilizer (invertase), emulsifier (lecithin), peppermint oil, salt, acidity regulator (citric acid).', 'France, Germany, Switzerland, en:morocco', 'After Eight');
INSERT INTO public.product (kcal_100g, barcode, ingredients, origin_country, product_name) VALUES (426, 5000189983281, 'sugar, cocoa mass, glucose syrup, cocoa butter, butterfat (_MILK_), skimmed _MILK_ powder, _WHEY_ powder, stabiliser invertase, emulsifier lecithins, peppermint oil, salt, acid citric acid.', 'France,Allemagne,Pays-Bas,Suède', 'AFTER EIGHT');
INSERT INTO public.product (kcal_100g, barcode, ingredients, origin_country, product_name) VALUES (310, 5010115811205, 'Partially Inverted Refiners Syrup', 'France, en:united-kingdom', 'Lyle’s Golden Syrup');
INSERT INTO public.product (kcal_100g, barcode, ingredients, origin_country, product_name) VALUES (131, 5010251907350, 'milk', 'United Kingdom', 'Morrisons authentic Greek yogurt');
INSERT INTO public.product (kcal_100g, barcode, ingredients, origin_country, product_name) VALUES (98, 5011308505024, 'Water, Single Cream (MILK) (15%), Tomato, Sugar, Modified Maize Starch, Creamed Coconut (2.5%), Spices, Desiccated Coconut (1.5%), Ginger Purée, Garlic Purée, Whey Protein Concentrate (MILK), Dried Onion, Salt, Acid (Lactic Acid), Concentrated Lemon Juice.', 'France, en:united-kingdom', 'Pataks Korma Sauce 450g');
INSERT INTO public.product (kcal_100g, barcode, ingredients, origin_country, product_name) VALUES (239, 5060021080912, 'Wheat Flour (fortified with Calcium, Iron, Niacin, Thiamin), Water, Wholemeal Wheat Pinhead Oats, Millet Seeds, Poppy seeds, Quinoa, Golden Linseed, Sunflower Seeds, Brown Linseed, Flour, Seed &Grain Mix (5%), (Malted Wheat Flakes., Iron. Niacin, Thiamin), Water, Wholemeal Wheat Golden Linseed, Sunflower Seeds, Brown Linseed Rye), Wheat Bran, Wheat Fibre, Wheat Gluten Yoast Formented Wheat Flour, Sea Salt', 'France, en:united-kingdom', '6 Seed & Cereal Original Pitta');
INSERT INTO public.product (kcal_100g, barcode, ingredients, origin_country, product_name) VALUES (285, 5202390015878, 'water, coconut oil (23%), modified starch, starch, sea salt, flavourings, olive extract, colour: b-carotene, vitamin b12,', 'Belgium, Germany, Netherlands, Spain, United Kingdom, en:ireland', 'Violife 100% vegan original flavour slices');
INSERT INTO public.product (kcal_100g, barcode, ingredients, origin_country, product_name) VALUES (503, 5410041472509, 'wheat flour, palm fat, barley malt extract, glucose syrup, eggs, baking powder (e503, e500), salt, sugar, onion powder 0,5%, buttermilk powder (milk), dextrose, powdered cream (milk) 0,3%, acidifiers (e330, e270), parsley, flavourings, flour processing agent [e223 (sulphites)], sunflower oil, flavour enhancers (e627, e631),', 'Danmark,Frankrig,Tyskland,Schweiz', 'Tuc Sour Cream & Onion');
INSERT INTO public.product (kcal_100g, barcode, ingredients, origin_country, product_name) VALUES (0, 5410188033663, 'carbonated water, dye (caramel e150d), sweeteners (aspartame, acesulfame-k), acidifiers (phosphoric acid, citric acid), aromas (including plant extracts and caffeine), acidity corrector (sodium citrate)', 'België,Frankrijk', 'Pepsi max');
INSERT INTO public.product (kcal_100g, barcode, ingredients, origin_country, product_name) VALUES (558, 7610400084895, 'sucre, praliné _noisette_ (20%) (_noisettes_, sucre), beurre de cacao, poudre de _lait_, _noisettes_ (7%), pâte de cacao, _lactose_, matière grasse végétale (palme, karité), poudre de _lait_ écrémé, émulsifiant (lécithine de _soja_), extrait de malt d''_orge_, _amandes_, arômes,', 'France', 'Lindt Chocoletti Lait praliné noisettes');
INSERT INTO public.product (kcal_100g, barcode, ingredients, origin_country, product_name) VALUES (237, 7610700601396, 'Édulcorant (isomalt), huiles essentielles de menthe poivrée et menthe, huile essentielle d''euca - lyptus, extrait (0,2%) d''eucalyptus et du mélange de 13 plantes Ricola, menthol, extrait-couleur de spiruline, extrait-couleur de carotte, édulcorant (glycosides de stéviol issus de Stevia).', 'France', 'Ricola eucalyptus');
INSERT INTO public.product (kcal_100g, barcode, ingredients, origin_country, product_name) VALUES (212, 8004030344938, 'tonno, olio di oliva, sale', 'Belgium, France, Germany, Italy, Netherlands, Switzerland, United Kingdom, en:romania', 'Repas De Thon (dans L''huile)');
INSERT INTO public.product (kcal_100g, barcode, ingredients, origin_country, product_name) VALUES (356, 8008343200134, 'Semola di grano duro.', 'Frankreich,Deutschland,Italien,Schweiz', 'Rummo Linguine N°13');
INSERT INTO public.product (kcal_100g, barcode, ingredients, origin_country, product_name) VALUES (0, 8024884117809, 'Eau minérale naturelle.', 'France', 'Courmayeur 1L');
INSERT INTO public.product (kcal_100g, barcode, ingredients, origin_country, product_name) VALUES (470, 8410376036169, 'Harina de maíz, aceite vegetal 18% (girasol alto oleico), azúcar, almidón de maíz, jarabe de glucosa y fructosa de maíz, harina de arroz, harina de _soja_, fibra de maíz, fibra de guisante, sal, gasificantes (carbonato ácido de sodio, carbonato ácido de amonio), emulgente (lecitina de _soja_).', 'Hungary,Morocco,Spain', 'María sin gluten');
INSERT INTO public.product (kcal_100g, barcode, ingredients, origin_country, product_name) VALUES (1, 8711000522967, 'Café soluble lyophilisé', 'France, Germany, en:algeria', 'löslichen Kaffee');
INSERT INTO public.product (kcal_100g, barcode, ingredients, origin_country, product_name) VALUES (355, 8711100080060, 'Maisstärke.', 'Áustria,Bélgica,França,Alemanha,Portugal,Espanha', 'Harina Fina de Maíz');
INSERT INTO public.product (kcal_100g, barcode, ingredients, origin_country, product_name) VALUES (135, 8410100065694, '', 'España', 'Alubias a la vasca');
INSERT INTO public.product (kcal_100g, barcode, ingredients, origin_country, product_name) VALUES (50, 8850389111352, 'water 72.57%, nata de coco 15%, fructose 7%, sugar 5%, acidity regulators (citric acid, calcium lactate), nature identical flavor (melon), preservative (sodium benzoate), added gelling agent (gellan gum), artificial colors (tartrazine, brilliant blue).', 'France, United States, en:morocco', 'Mogu mogu');
INSERT INTO public.product (kcal_100g, barcode, ingredients, origin_country, product_name) VALUES (600, 96619450008, 'Dry roasted Valencia peanuts', 'Canada, en:morocco', 'natural Peanut Butter creamy');
INSERT INTO public.product (kcal_100g, barcode, ingredients, origin_country, product_name) VALUES (189, 20290221, 'Sardines (poissons) frites (74,9% sardines (poissons), huile de tournesol), 21,7% huile d''olive vierge extra, sel.', 'France', 'Sardines huil.olive extra v.St Gil.');
INSERT INTO public.product (kcal_100g, barcode, ingredients, origin_country, product_name) VALUES (0, 6111101000937, '', 'France, en:morocco', 'Dynamic');
INSERT INTO public.product (kcal_100g, barcode, ingredients, origin_country, product_name) VALUES (447, 50823093, 'CARAMEL 50% (GLUCOSE SYRUP, SUGAR, SWEETENED CONDENSED _MILK_, INVERT SUGAR SYRUP, PALM OIL, FLAVOURING, EMULSIFIER (_SOYA_ LECITHIN)), _MILK_ CHOCOLATE 33% (SUGAR, COCOA BUTTER, COCOA MASS, STANDARDISED WHOLE _MILK_, SKIMMED _MILK_ POWDER, PALM OIL, SHEA BUTTER, EMULSIFIER (SOYA LECITHIN), FLAVOURING), WAFER 17% (FORTIFIED _WHEAT_ FLOUR (_WHEAT_ FLOUR, CALCIUM CARBONATE, IRON, NIACIN, THIAMINE), SUGAR, RAPESEED OIL, RAISING AGENT (SODIUM BICARBONATE), SALT, EMULSIFIER (_SOYA_ LECITHIN)).', 'France,Spain,United Kingdom', 'Milk Chocolate Caramel Wafer');
INSERT INTO public.product (kcal_100g, barcode, ingredients, origin_country, product_name) VALUES (2, 9350271000164, e'Certified organic raw kombucha (pure water, wild kombucha culture, organic black tea*, organic green tea*), organic ginger*, organic erythritol* (all-natural flavour enhancer), organic lemon*, organic stevia* (all-natural sweetener).
*Certified organic ingredients', 'Australia, France, en:united-kingdom', 'Organic kombucha');
INSERT INTO public.product (kcal_100g, barcode, ingredients, origin_country, product_name) VALUES (46, 20415044, 'pasteurisierte Kuhmilch, Magermilchpulver, ausgewählte Milchkulturen.', 'France', 'Kefir 1,5 % Fat');
INSERT INTO public.product (kcal_100g, barcode, ingredients, origin_country, product_name) VALUES (273, 40897837, 'msm chicken 75%, water, chicken fat with skin, curing salt (salt, preservative (sodium nitrite)), spices, dextrose, distilled vinegar, spice extracts, stabiliser (diphosphates), antioxidant (ascorbic acid),', 'France,United Kingdom', 'Fine de Poulet');
INSERT INTO public.product (kcal_100g, barcode, ingredients, origin_country, product_name) VALUES (302, 5051622920479, 'Milk', 'France, Ireland, en:united-kingdom', 'Crème Fraîche');
INSERT INTO public.product (kcal_100g, barcode, ingredients, origin_country, product_name) VALUES (700, 5054775467501, 'Butter (Milk) (50%), Rapeseed Oil (29%), Water, Salt (1%), Colour (Beta-Carotene). Allergy Advice For allergens, see ingredients in bold. Suitable for vegetarians STORAGE Keep refrigerated. Suitable for home freezing. Ideally freeze as soon as possible after purchase but always by ''best before'' date shown. Defrost thoroughly for a minimum of 8 hours in the refrigerator. frosted, do not refreeze. 500g e GB YE031 &lt;LOS297 S22750, S5 JPG2204574_01', 'en:gb', 'Tesco salted spreadble');
INSERT INTO public.product (kcal_100g, barcode, ingredients, origin_country, product_name) VALUES (128, 5010251958178, 'Chickpeas, Water, Antioxidant (Ascorbic Acid)', 'en:gb', 'Chickpeas');
INSERT INTO public.product (kcal_100g, barcode, ingredients, origin_country, product_name) VALUES (387, 5000169070857, 'Oat flakes, wholegrain wheat flakes, wholegrain toasted malted wheat flakes (wheat barley malt extract), barley flakes, sultanas (12%) raisins (6%), toasted coconut (5%), whole roasted hazelnuts (4%), whole almonds (4%), sunflower seeds (3%), dried diced apricots (3%) (apricots, sulphur dioxide) golden raisins (3%) (golden raisins, sulphur dioxide) chopped dates (2%) ALLERGY ADVICE: For allergens, including cereals containing gluten, see ingredients in bold. May contain other nuts', 'United Kingdom', 'Fruit and nut muesli');
INSERT INTO public.product (kcal_100g, barcode, ingredients, origin_country, product_name) VALUES (86, 5010251564119, 'Concentrated tomato purée, Acidity regulator (citric acid).', 'Spain, en:gb', 'Tomato Puree');
INSERT INTO public.product (kcal_100g, barcode, ingredients, origin_country, product_name) VALUES (155, 1810387, 'Medium Fat Soft Cheese (Cows'' Milk)', 'en:gb', 'Lighter soft cheese');
INSERT INTO public.product (kcal_100g, barcode, ingredients, origin_country, product_name) VALUES (135, 5030101022248, 'Rehydrated Chickpeas (36%) (Chickpeas, Water), Water, Pre-cooked Lentils (12% Kents, Waterl, Pre-cooked Rice (10%) ([Brown Rice, Water), Tomato Concentrate, pesad Dil, Spices (2.4%) (Cumin Seeds, Ground Cumin, Ground Coriander, Ground Ginger Ground Black Pepper, Ground Turmeric, Ground Cinnamon, Ground Star Anisel Concentrated Lemon Juice 11.4%), Salt, Mustard Flour', 'France, en:united-kingdom', 'Incredible Curried Chickpeas');